Global Rank     ,Company     ,Country,"Sales
            ($billion)     ","Profits
            ($billion)","Assets
            ($billion)","Market Value
            ($billion)"
1,ICBC,China,134.8,37.8,2813.5,237.3
2,China Construction Bank,China,113.1,30.6,2241,202
8,Agricultural Bank of China,China,103,23,2124.2,150.8
9,PetroChina,China,308.9,18.3,347.8,261.2
11,Bank of China,China,98.1,22.1,2033.8,131.7
26,Sinopec-China Petroleum,China,411.7,10.1,200,106.9
54,Bank of Communications,China,43.5,9.4,846.4,56.7
83,Ping An Insurance Group,China,51.1,3.2,456.2,57
101,China Merchants Bank,China,28.4,7.3,547,44.1
106,China Life Insurance,China,63.2,1.8,304.6,79.9
107,China Minsheng Banking,China,27.9,6.1,515.5,43.9
115,China Shenhua Energy,China,39.7,7.7,70.2,70.8
125,Shanghai Pudong Development,China,25.4,5.4,504.5,31.6
128,China Citic Bank,China,24.4,4.9,474.7,32.5
139,China Telecom,China,44.9,2.4,87.4,42
142,Industrial Bank,China,18.7,4.1,382.3,38.2
167,SAIC Motor,China,75,3.3,48.1,26.7
206,China State Construction,China,76.7,2.2,79.9,16.9
226,People's Insurance Company,China,41.3,1.1,110.5,24.4
240,China Everbright Bank,China,13.5,2.9,275.1,21
278,China Pacific Insurance,China,27.3,0.8,109.3,28.6
280,China Communications Construction,China,45.7,1.9,69.6,12.9
283,Ping An Bank,China,13.2,2.2,257.3,18.3
314,China Vanke,China,15.5,2,60.3,18.9
316,China Railway Construction,China,74.5,1.3,77.1,10.4
322,China Railway Group,China,76.7,1.2,88.4,10.2
370,Baoshan Iron & Steel,China,35.4,1.2,36.7,13.4
404,Huaneng Power International,China,21.1,0.9,41.2,14.9
407,Huaxia Bank,China,10.5,1.5,197.2,11.5
473,China Coal Energy,China,13.6,1.5,29.5,12.2
488,Bank of Beijing,China,6.3,1.4,151.7,13.1
503,Dongfeng Motor Group,China,19.7,1.4,19.2,11.8
507,Poly Real Estate,China,9.6,1.3,40.3,12.2
508,New China Life Insurance,China,18,0.5,79.2,11.8
591,Tencent Holdings,China,7,2,12.1,65
628,China National Building,China,13.8,0.9,31.2,7.5
635,Daqin Railway,China,7.2,1.9,14.9,18.7
639,Datang International Power,China,12.2,0.6,42.4,8.4
648,Evergrande Real Estate,China,10.3,1.5,31.1,6.9
650,Jiangxi Copper,China,25,0.8,12.5,10.8
653,China Shipbuilding Industry,China,9.2,0.7,25.3,12.1
668,Gree Electric Appliances,China,13.3,0.8,13.5,13.5
674,Yanzhou Coal Mining,China,9.2,1,18,11.8
692,Lenovo Group,China,29.6,0.5,15.5,10.4
710,CSR,China,14.1,0.6,16.8,9.9
728,Anhui Conch Cement,China,7.2,1,14,15.9
740,China Yangtze Power,China,3.3,1.2,25.2,19.4
774,Sinohydro Group,China,18,0.6,25.8,5.5
779,Zoomlion Heavy Industry,China,7.6,1.2,13.8,10.5
783,Country Garden Holdings,China,6.6,1.1,21.9,8.2
798,Citic Securities,China,2.2,0.7,27,23.1
799,GD Power Development,China,8,0.6,29.2,8
830,Metallurgical Corp of China,China,34.1,-1.1,56.2,5.9
848,Shanghai Electric Group,China,12.1,0.4,18.3,8
851,Sany Heavy Industry,China,8.1,1.4,8.1,13
853,Aluminium Corp of China,China,23.7,-1.3,28.7,8.4
859,China Southern Airlines,China,15.7,0.4,18.3,8
863,China CNR,China,14.2,0.5,15.4,7.2
868,China Eastern Airlines,China,13.5,0.5,19.4,5.7
880,Zijin Mining Group,China,7.6,0.8,10.8,10.8
896,Suning Appliance,China,14.9,0.8,9.4,7.4
934,Kweichow Moutal,China,3.8,2.1,6.2,29.6
952,Sinopharm Group,China,21.5,0.3,12.8,8
957,Great Wall Motor,China,6.6,0.9,6.8,14.3
960,Baidu,China,3.5,1.7,7.3,29.7
965,Longfor Properties,China,4.4,1,16.8,8.6
969,Haitong Securities,China,1.6,0.5,20.3,16.7
991,Chonqing Rural Bank,China,3.6,0.8,69.6,5
1008,Tingyi Holding,China,9.2,0.5,7.5,15
1012,Sun Art Retail Group,China,12.3,0.4,7.2,13.9
1019,Fosun International,China,8.2,0.6,26,4.1
1028,Shanghai International Port,China,4.5,0.8,13.3,9.8
1045,China Cosco Holdings,China,14,-1.5,26.5,6.4
1073,Shimao Property Holdings,China,4.5,0.9,19.2,5.9
1111,China Oilfield Services,China,3.5,0.7,12,11.1
1145,Wuliangye Yibin,China,3,1,5.9,14.7
1151,Weichai Power,China,7.6,0.5,10.6,7
1163,Henan Shuanghui Investment,China,6.3,0.5,2.7,12.6
1165,ZTE,China,13.3,-0.4,16.4,6.5
1177,Hebei Iron & Steel,China,21.2,0.2,22.8,4.1
1181,Inner Mongolia Yitai,China,5,1,6.4,8.7
1187,Bank of Ningbo,China,2.4,0.5,41.3,4.9
1191,Greentown China Holdings,China,5.6,0.8,17.3,3.2
1197,Guangzhou R&F,China,4.8,0.9,15.8,4.8
1218,Qingdao Haier,China,12.6,0.5,8,5.4
1227,Want Want China,China,3.4,0.6,3.5,19.8
1246,Bank of Nanjing,China,2.2,0.5,44.7,4.4
1262,Sino-Ocean Land Holdings,China,4.6,0.7,20.2,3.5
1288,Huadian Power International,China,9.4,0.2,26.4,4.8
1312,China Merchants Property,China,3.3,0.5,17.5,6.1
1322,Jiangsu Yanghe Brewery,China,2,0.6,2.9,12.4
1333,China Longyuan Power,China,2.7,0.4,17.3,7.2
1337,GF Securities,China,1,0.3,12.2,13.9
1342,Wuhan Iron & Steel,China,16.1,0.2,15.5,4.5
1347,Agile Property Holdings,China,4.8,0.8,14.7,4
1371,Soho China,China,2.5,1.7,12.6,4
1385,Inner Mongolia Rare-Earth,China,1.8,0.6,2.2,11.8
1388,Shenzhen Overseas,China,3,0.6,11.7,6.7
1418,Shanghai Construction,China,14.5,0.3,13.3,2.7
1431,BYD,China,7.4,0,11,8.3
1436,Angang Steel,China,12.3,-0.7,16.2,4.1
1443,Shanxi Taigang Stainless,China,15.3,0.3,10.5,3.1
1446,Yang Quan Coal Industry,China,8,0.4,4.4,5.4
1447,Hengan International Group,China,2.4,0.5,3.8,11.9
1455,Shanghai Pharmaceuticals,China,10.8,0.3,8.1,5.6
1485,China National Chemical,China,6.9,0.4,7.2,6.7
1506,New Hope Liuhe,China,11.4,0.4,3.5,3.6
1513,BBMG,China,5.1,0.5,13.3,4.4
1519,Huatai Securities,China,1.3,0.3,13.6,9.5
1528,Xiamen C&D,China,12.8,0.4,8.2,2.3
1529,China International Marine,China,8.6,0.3,10.3,4.9
1534,China Merchants Securities,China,1.1,0.3,10.9,9.7
1544,Hunan Valin Steel,China,11.7,0,13.6,1
1553,China Communications Services,China,9.8,0.4,7.2,4.7
1568,Dongfang Electric,China,6,0.3,12.6,4.7
1592,Inner Mongolia Yili,China,6,0.3,3.2,8.9
1610,Maanshan Iron & Steel,China,11.8,-0.6,12.2,2.3
1613,TCL Corp,China,11,0.1,12.8,3.4
1613,Shandong Gold-Mining,China,6.3,0.3,2,7.6
1631,Netease,China,1.3,0.6,3.1,6.8
1631,Jizhong Energy Resources,China,6,0.5,6,4.9
1648,Minmetals Development,China,25.7,0.1,7.6,2.6
1680,Gemdale,China,3.8,0.5,14.3,4.3
1734,China Gezhouba,China,8.3,0.2,12.3,2.9
1745,Great Wall Technology,China,15.2,0,8.5,0.2
1773,Luzhou Laojiao,China,1.3,0.5,1.9,6.6
1833,Hainan Airlines,China,4.4,0.3,14.9,4.5
1833,China Hongqiao Group,China,3.9,0.9,7.1,3
1847,Zhongjin Gold,China,5.3,0.3,3,6.9
1864,Shanxi Lu'an Environmental,China,3.1,0.4,6.4,6.7
1866,Qinghai Salt Lake,China,15.2,0.4,4.7,6.8
1906,Inner Mongolia Baotou Steel,China,6.8,0.1,7.9,6.4
1916,Shanghai Material Trading,China,12.8,0,1.5,0.3
1944,Tongling Nonferrous Metals,China,12.2,0.1,5.9,3.9
1948,Hikvision,China,0.8,0.2,1.3,12.3
40,Commonwealth Bank,Australia,47.8,7.3,735.2,117.5
44,BHP Billiton,Australia,72.2,15.4,129.3,184.7
48,Westpac Banking Group,Australia,43.9,6.2,699.6,98.9
58,National Australian Bank,Australia,49.2,4.2,791.3,76.3
66,ANZ,Australia,37.5,5.9,666.9,81.2
168,Wesfarmers,Australia,59,2.2,42.9,51.9
200,Telstra,Australia,25.8,3.5,40.5,58.4
271,Woolworths,Australia,56.4,1.9,21.5,46.3
373,AMP,Australia,17.2,0.7,122.1,16
393,Suncorp Group,Australia,15.6,0.7,98.3,15.9
411,QBE Insurance Group,Australia,17,0.8,50.8,17
445,Macquarie Group,Australia,11.4,0.8,157.8,13.5
483,Woodside Petroleum,Australia,6.4,3,23.9,31.9
494,Origin Energy,Australia,13.2,1,28.7,14.9
630,Westfield Group,Australia,2.5,1.8,35.3,25.4
703,Fortescue Metals Group,Australia,7,1.6,14.9,13.2
744,Newcrest Mining,Australia,4.5,1.1,20.8,17.5
875,Amcor,Australia,12.5,0.4,11.5,11.9
952,Insurance Australia Group,Australia,9.2,0.2,25.4,12.4
956,CSL,Australia,4.5,1,5.8,32
1014,Santos,Australia,3.4,0.5,17.7,13.1
1016,Land Lease Group,Australia,11.9,0.5,12.6,5.8
1067,Westfield Retail Trust,Australia,0.5,0.9,13.8,9.8
1116,Brambles,Australia,5.6,0.6,7.7,14.1
1219,Stockland Australia,Australia,2.1,0.5,14.9,8.8
1242,AGL Energy,Australia,7.6,0.1,14.5,9.5
1249,Coca-Cola Amatil,Australia,5.3,0.5,7,12.1
1254,Qantas Airways,Australia,16.1,-0.3,21.7,4.1
1256,Orica,Australia,6.9,0.4,7.7,9.6
1399,Caltex Australia,Australia,24.2,0.1,5,6.2
1413,Aurizon Holdings,Australia,3.6,0.5,10.3,9
1460,GPT Group,Australia,0.7,0.6,9.7,6
1468,WorleyParsons,Australia,7.6,0.4,4.4,6.6
1487,Crown Ltd,Australia,2.8,0.5,5.9,9.4
1592,Goodman Group,Australia,0.7,0.4,8.4,8.9
1639,Bendigo & Adelaide Bank,Australia,3.8,0.2,58.5,4.4
1751,Bank of Queensland,Australia,2.8,0,43,3.1
1819,Incitec Pivot,Australia,3.6,0.5,7.3,5.7
1833,CFS Retail Property,Australia,0.8,0.4,8.6,6
1863,Mirvac Group,Australia,1.6,0.4,8.3,6.1
1866,Transurban Group,Australia,1.2,0.1,10.1,9.5
1918,Metcash,Australia,12.8,0.1,4.1,3.9
304,OMV Group,Austria,56.3,1.8,39.8,14.7
455,Raiffeiseon Bank International,Austria,13.9,1,190.5,7.6
672,Erste Group Bank,Austria,15.5,-0.9,271.7,12.3
723,Vienna Insurance Group,Austria,12.4,0.5,50,6.6
920,Voestalpine,Austria,16.1,0.4,16.3,5.8
1229,Verbund,Austria,4.1,0.5,16.3,7.4
1369,Strabag,Austria,17.8,0.3,13.3,2.4
1372,Uniqa,Austria,7.6,-0.3,37,3
1558,Andritz,Austria,6.7,0.3,6.8,7
1697,Volksbank,Austria,2.2,-1.2,53.3,1
1798,Immofinanz,Austria,1.6,0.4,16.1,4.3
1578,Ahli United Bank,Bahrain,1.3,0.3,29.9,3.7
76,Anheuser-Busch InBev,Belgium,39.8,7.2,122.6,153.5
323,KBC Group,Belgium,21.7,0.8,338.7,16.3
424,Ageas,Belgium,20.6,1,128,8.5
564,Solvay,Belgium,16.4,0.8,23.4,12.5
883,Dexia,Belgium,26.6,-16.2,534.9,0.1
887,Belgacom,Belgium,8.5,0.9,10.7,8.9
957,Banque Nationale de Belgique,Belgium,2.4,1.2,165.8,1.4
1114,Delhaize Group,Belgium,29.2,0.1,15.8,5.5
1133,Colruyt,Belgium,10.5,0.5,4.2,8.2
1341,Umicore,Belgium,16.6,0.3,4.7,5.9
1375,UCB,Belgium,4,0.3,11.7,11.7
755,Bunge,Bermuda,61,0.1,24.1,11.1
756,Seadrill,Bermuda,4.5,1.1,19.6,17.6
942,Inveco,Bermuda,4.2,0.7,17.5,12.8
944,PartnerRe,Bermuda,5.6,1.1,23.0,5.4
948,Everest Re Group,Bermuda,4.9,0.8,19.8,7.8
1200,Arch Capital Group,Bermuda,3.5,0.6,17.8,6.9
1365,Axis Capital Holdings,Bermuda,3.9,0.5,18.9,5
1722,Nabors Industries,Bermuda,6.8,0.2,12.7,5
1947,Catlin Group,Bermuda,3.8,0.3,14,2.8
20,Petrobras,Brazil,144.1,11.0,331.6,120.7
42,Ita¨² Unibanco Holding,Brazil,70.5,6.2,453.6,82.0
45,Banco Bradesco,Brazil,78.3,5.6,417.5,72
67,Banco do Brasil,Brazil,69,6,552.2,37.9
87,Vale,Brazil,45.7,4.8,130.4,92.7
173,Ita¨²sa,Brazil,27.8,2.2,172.4,25.4
597,Cemig,Brazil,9.5,2.2,19.4,10.7
614,Grupo Po de A¨²car,Brazil,24.9,0.5,16.8,14.1
656,JBS,Brazil,38.9,0.4,24.3,10.4
671,CSN,Brazil,8.9,2,24.2,7.2
734,BRF-Brasil Foods,Brazil,13.9,0.4,24.3,10.4
819,Oi,Brazil,12.3,0.4,14.7,19.2
836,CPFL Energia,Brazil,7.7,0.6,15.2,10.4
910,Sabesp,Brazil,5.5,1.0,12.8,10.5
935,Eletrobr¨¢s,Brazil,17.5,-3.5,84.1,5
1075,Cielo,Brazil,2.6,1.1,4.7,18.9
1156,Braskem,Brazil,17.3,-0.4,19.6,5
1158,BM&F Bovespa,Brazil,1,0.5,11.7,13.4
1173,Metalurgica Gerdau,Brazil,18.5,0.2,25,3.8
1211,Cosan,Brazil,14.1,0.3,12.2,5.5
1234,CCR,Brazil,3,0.6,7,17.3
1517,Embraer,Brazil,6.2,0.3,9.5,6.3
1520,BR Malls,Brazil,0.6,0.9,8.7,5.8
1542,Natura Cosmeticos,Brazil,3.1,0.4,2.5,10.5
1574,Banrisul,Brazil,3.6,0.4,22.3,3.6
1586,Marfrig Group,Brazil,12.3,-0.1,12,2.5
1627,Usiminas,Brazil,6.2,-0.3,15.3,5.3
1811,Lojas Americanas,Brazil,5.5,0.2,5.3,8.9
1908,Porto Seguro,Brazil,6.1,0.3,8.8,4.4
1914,WEG,Brazil,3,0.3,4.3,8.1
1989,Klabin,Brazil,2,0.4,6.9,6.5
50,Royal Bank of Canada,Canada,38.3,7.7,838.5,87.2
71,TD Bank Group,Canada,30.6,6.7,819.4,76.9
84,Bank of Nova Scotia,Canada,27.6,6.4,737.2,70.6
131,Bank of Montreal,Canada,20.9,4.1,542.9,41.0
142,Suncor Energy,Canada,38.8,2.8,76.8,47.3
156,Manulife Financial,Canada,37.3,2,488.2,27.8
161,Canadian Imperial Bank,Canada,17.1,3,393.2,32
240,BCE,Canada,20,2.8,41.2,35.6
266,Brookfield Asset Management,Canada,18.6,1.4,108.6,23.0
277,Sun Life Financial,Canada,17.6,2,226.8,16.9
288,Canadian Natural Resources,Canada,14.7,1.9,49.2,36
289,Husky Energy,Canada,22.5,2,35.3,29
299,Power Corp of Canada,Canada,34.2,1.1,272.8,12.4
328,Enbridge,Canada,25.4,0.7,47.4,36.9
358,Thomson Reuters,Canada,13.3,2.1,32.6,26.7
374,Canadian National Railway,Canada,10,2.7,26.8,42.7
406,TransCanada,Canada,8,1.4,48.5,33.9
427,Cenovus Energy,Canada,16.9,1,24.3,24.4
448,Rogers Communications,Canada,12.5,1.7,19.7,25.3
464,National Bank of Canada,Canada,7.1,1.6,184,12.3
465,Magna International,Canada,30.8,1.4,17.1,13.2
496,Telus,Canada,11,1.3,20.5,22.3
497,Potash of Saskatchewan,Canada,7.9,2.1,18.2,35.3
509,Agrium,Canada,16.7,1.5,16,15.3
513,Teck Resources,Canada,10.4,0.8,34.8,17.4
559,Goldcorp,Canada,5.4,1.7,31.2,26.4
646,George Weston,Canada,32.8,0.5,21.9,9.1
659,Barrick Gold,Canada,14.5,-0.7,47.3,28.7
697,Bombardier,Canada,16.8,0.6,25.8,7.3
754,Couche Tard,Canada,33,0.5,10.5,10.2
775,Fairfax Financial,Canada,8,0.5,36.9,8.2
855,Canadian Pacific Railway,Canada,5.7,0.5,14.8,22.1
865,Intact Financial,Canada,7.2,0.6,19.9,8.4
948,Onex,Canada,27.4,-0.1,36.3,5.3
983,Shaw Communications,Canada,5.1,0.8,12.5,10.8
1027,Canadian Tire,Canada,11.5,0.5,13.2,5.6
1033,Shoppers Drug Mart,Canada,10.8,0.6,7.5,8.5
1043,Talisman Energy,Canada,7.3,0.1,21.9,12.7
1130,Canadian Oil Sands,Canada,3.7,1,10.2,10.2
1135,Industrial Alliance Insurance,Canada,7.5,0.3,42,3.5
1159,First Quantum Minerals,Canada,3,1.8,7.5,10.2
1166,EnCana,Canada,5.2,-2.8,18.7,15
1208,Metro Inc,Canada,12.1,0.5,5.2,6
1226,Research In Motion,Canada,11.1,-0.6,13.2,7.9
1258,Valeant Pharmaceuticals,Canada,3.5,-0.1,18,21.2
1279,Yamana Gold,Canada,2.3,0.4,11.8,11
1296,Saputo,Canada,7,0.4,3.7,9.7
1394,Silver Wheaton,Canada,0.8,0.6,3.2,10.8
1425,Empire,Canada,17.4,0.4,15,16.9
1459,SNC-Lavalin Group,Canada,7.9,0.3,9.7,6.4
1480,Fortis (Canada),Canada,3.8,0.4,15,6.9
1532,Crescent Point Energy,Canada,2,0.2,12.2,14.4
1543,CGI Group,Canada,6.3,0,10.8,8
1551,Kinross Gold,Canada,4.3,-2.5,14.9,9.1
1609,Atco,Canada,4.4,0.4,14.4,5
1616,E-L Financial,Canada,3,0.5,16.7,2.1
1641,Pacific Rubiales Energy,Canada,3.9,0.5,7.1,7.1
1741,Tim Hortons,Canada,3.1,0.4,2.3,7.9
1802,Air Canada,Canada,12.2,0.1,9.1,0.7
1828,Calloway Real Estate,Canada,0.5,0.9,6.5,3.8
1839,Laurentian Bank,Canada,1.5,0.1,34.3,1.2
1840,H&R Real Estate,Canada,0.8,0.5,10.2,4.5
1937,Lulemon Athletica,Canada,1.4,0.3,1.1,10
1952,Finning International,Canada,6.7,0.3,5.1,4.3
1973,Boardwalk Real Estate,Canada,0.4,0.7,5.7,3.2
835,Resolution,Channel Islands,17.6,-0.1,207.5,5.7
1088,Phoenix Group Holdings,Channel Islands,1.9,0.6,140,2.2
1705,Randgold Resources,Channel Islands,1.3,0.4,3.1,7.7
569,Falabella,Chile,11.5,0.8,17.9,26.8
573,Cencosud,Chile,19.1,0.6,19.7,17.4
938,Antarchile,Chile,22.8,0.2,22.3,7.5
1007,Latam Airlines,Chile,9.7,0.0,21,11.1
1049,BCI-Banco Credito,Chile,2.7,0.5,31.0,7.9
1252,SQM,Chile,2.5,0.7,4,14.8
1591,Empresas CMPC,Chile,4.8,0.2,14.0,8.0
1611,Quinenco,Chile,4.1,0.2,46.3,5
1761,CorpBanca,Chile,2,0.2,28.3,4.7
114,Ecopetrol,Colombia,39,8.4,64.4,116.2
608,BanColombia,Colombia,5.9,1,55.4,13.5
652,Grupo Aval,Colombia,6.1,0.7,57.4,13.2
1288,Banco Davivienda,Colombia,2.7,0.4,23.2,6.4
1594,Grupo Argos,Colombia,3.8,0.2,15.2,9.5
1998,Interconexion Electrica,Colombia,2.4,0.2,14.6,5.8
429,CEZ Group,Czech Republic,11.3,2.2,33.4,15.7
133,Mller-Maersk,Denmark,60.5,3.8,73.7,35
285,Danske Bank,Denmark,22.6,0.8,615.6,19.1
439,Novo Nordisk,Denmark,13.8,3.8,11.2,95
525,Carlsberg,Denmark,11.6,1,27.2,15.8
1312,TDC,Denmark,4.6,0.6,11.2,6.4
1569,Coloplast,Denmark,1.9,0.4,1.8,11.4
1633,Novozymes,Denmark,2,0.4,2.6,11
1737,Jyske Bank,Denmark,1.7,0.1,45.6,2.5
1958,Sydbank,Denmark,1.1,0.1,27,1.6
1962,Vestas Wind Systems,Denmark,9.5,-1.3,9,1.6
1222,Orascom Construction,Egypt,5.4,0.7,9.8,7
1966,Commercial International Bank,Egypt,1.5,0.3,14.8,2.8
430,Sampo,Finland,8.4,1.9,41.4,22.2
480,Fortum,Finland,8.1,1.9,32.3,17.6
689,Nokia,Finland,39.8,-4.1,37.8,12.5
834,Stora Enso,Finland,14.3,0.6,17.9,5.7
849,Kone,Finland,8.3,0.8,6.5,20.5
1101,Pohjola Bank,Finland,5.1,0.4,58.8,5.2
1194,UPM-Kymmene,Finland,13.8,-1.7,16.1,6.1
1203,Metso,Finland,9.9,0.5,8.5,6.3
1290,Wrtsil,Finland,6.2,0.4,6.5,9.2
1524,Neste Oil,Finland,23.7,0.2,9.7,3.8
1883,Nokian Tyres,Finland,2.1,0.4,2.7,6.1
1919,Kesko,Finland,12.8,0.2,5.8,3.2
22,BNP Paribas,France,126.2,8.6,2504.2,71.3
23,Total,France,240.5,14.1,224.1,114.4
39,AXA Group,France,147.5,5.3,1005.4,45.3
72,Sanofi,France,46.1,6.6,132.4,131.6
74,EDF,France,95.9,4.4,325.2,35.3
95,GDF Suez,France,128,2,268.9,45
146,Soci¨¦t¨¦ G¨¦n¨¦rale,France,107.8,1,1648.9,29.5
162,Vinci,France,51.7,2.5,80.9,25.4
169,France Telecom,France,57.4,1.5,113.9,29.2
175,Renault,France,54.4,2.3,98.9,20.3
177,L'Or¨¦al Group,France,28.9,3.7,39,94.8
196,Christian Dior,France,38.6,1.8,69.9,32
204,Schneider Electric,France,31.6,2.4,45.4,42.2
216,Carrefour,France,101.3,1.6,59.4,19.8
230,Danone,France,27.5,2.2,38,43.3
253,Natixis,France,19.2,2.2,658,13.2
260,Saint-Gobain,France,57,1,61,21.6
284,Air Luquide,France,20.2,2.1,32.5,39.3
294,CNP Assurances,France,53.2,1.2,466.1,9.9
356,Michelin Group,France,28.3,2.1,26.4,16.2
368,Safran,France,18,1.7,30,19.6
378,Kering,France,12.8,1.4,32.5,29.4
386,Alstom,France,26.6,1,39.4,14
390,Pernod Ricard,France,10.4,1.5,33.5,34.5
413,Lafarge,France,20.9,0.6,50.5,20.3
426,Bouygues,France,44.3,0.8,48.1,9.4
460,Cr¨¦dit Agricole,France,51.2,-8.3,2431.4,23.4
536,Vivendi,France,38.3,0.2,76.6,27.8
572,CIC Group,France,15.5,0.8,302.3,5.8
576,Veolia Environment,France,38.8,0.5,57.2,6.8
592,Sodexo,France,22.9,0.7,15.9,14.3
600,Thales,France,18.2,0.7,28.2,8.8
615,Publicis Groupe,France,8.7,1,21.8,14.7
623,Unibail-Rodamco,France,2.3,1.9,39,22.2
732,Technip,France,10.8,0.7,14.9,11.8
742,SCOR,France,13.4,0.6,43,5.8
850,Essilor International,France,6.6,0.8,9,24.1
876,Peugeot,France,73.1,-6.6,84.7,3
894,Capgemini,France,13.5,0.5,12.6,8.1
939,Rexel,France,17.7,0.4,13.4,6.4
961,Herm¨¨s International,France,4.5,1,3.5,34.9
967,Dassault Aviation,France,5.1,0.7,13.7,11.9
976,Finatis,France,54.9,0.2,40,0.5
1011,Areva,France,12.3,-0.1,39.8,6.2
1030,Eiffage,France,18,0.3,33.8,4.1
1035,Air France-KLM,France,33.8,-1.6,34.7,3.1
1061,LeGrand,France,5.9,0.7,8.8,12.2
1131,Valeo,France,15.1,0.5,11.8,4.3
1138,Alcatel-Lucent,France,19.1,-1.8,28.2,3.5
1244,Wendel,France,8.6,0.3,18.8,5.4
1346,Atos,France,11.7,0.3,9.3,6.4
1363,A¨¦roports de Paris,France,3.5,0.5,12.4,8.4
1401,Dassault Syst¨¨mes,France,2.7,0.4,4.8,14.2
1411,Vallourec,France,7,0.3,11.9,6.6
1504,Accor,France,7.3,-0.8,10,8.4
1538,Financi¨¨re de l'Odet,France,11,0.3,11.1,3.2
1561,Lagard¨¨re,France,9.5,0.1,12.4,5
1576,Arkema,France,8.4,0.3,7.2,6.4
1606,Gecina,France,0.9,0.3,14.8,7.1
1724,Eutelsat Communications,France,1.5,0.4,6.3,8
1802,Zodiac Aerospace,France,4.3,0.4,5.1,6.4
1804,Eurazeo,France,5.7,-0.3,17.7,3.6
1837,Imerys,France,5.1,0.4,6.3,5.2
1873,Iliad,France,4.2,0.2,6.3,11
14,Volkswagen Group,Germany,254,28.6,408.2,94.4
25,Allianz,Germany,140.3,6.8,915.8,66.4
36,Daimler,Germany,150.8,8,211.9,64.1
51,Siemens,Germany,100.6,5.7,134.4,91.9
55,BMW Group,Germany,98.8,6.6,165.5,60
69,BASF,Germany,103.9,6.4,83.5,90.1
81,Munich Re,Germany,88,4.2,340.6,34.9
99,E.ON,Germany,174.2,2.9,184.9,32.5
120,Bayer,Germany,52.5,3.2,65.6,84.9
177,RWE Group,Germany,67,1.7,111.5,22.9
190,Deutsche Post,Germany,73.2,2.2,45,29.4
211,SAP,Germany,20.9,3.6,35.5,103.9
235,Continental,Germany,43.2,2.5,35.2,25.3
271,Linde,Germany,20.2,1.6,43.5,35.2
301,Deutsche Bank,Germany,55,0.4,2652.6,41.3
317,Henkel,Germany,21.8,2,25,37.3
329,Fresenius,Germany,24.8,1.2,40.5,22.1
403,Deutsche Lufthansa,Germany,39.7,1.3,37.5,9.7
413,Talanx,Germany,34.9,0.8,171.7,7.9
433,Deutsche Telekom,Germany,76.9,-6.9,136.1,48.4
451,Merck,Germany,13.8,0.7,28.6,32
462,Porsche Automobil Holding,Germany,5.2,10.3,41.1,24.5
475,EnBW-Energie Baden,Germany,24.7,0.6,48.5,10.8
570,Adidas,Germany,19.6,0.7,14.7,21.8
595,HeidelbergCement,Germany,18,0.4,37,13.9
654,Commerzbank,Germany,25.5,0,838.3,9.2
654,ThyssenKrupp Group,Germany,51.6,-6,47.4,12.4
684,Deutsche Boerse,Germany,2.8,0.8,285.5,12.5
690,Metro Group,Germany,88,0,45.8,9.3
930,Beirsdorf,Germany,8,0.6,7.2,20.8
996,S¨¹dzucker,Germany,9.3,0.5,10.9,8.6
1037,Lanxess,Germany,11.7,0.7,8.7,6.8
1056,W&W-W¨¹stenrot,Germany,8.8,0.3,101.8,1.9
1126,K+S,Germany,5.1,0.9,8.8,9.4
1132,Brenntag,Germany,12.5,0.4,7.5,7.7
1259,TUI,Germany,23.6,-0.1,16.8,2.8
1320,Aurubis,Germany,17.7,0.5,6.3,3.1
1334,Infineon Technologies,Germany,5,0.5,7.2,9.3
1338,GEA Group,Germany,7.4,0.4,8.5,6.6
1410,Bilfinger,Germany,11.2,0.4,8.8,4.9
1441,Celesio,Germany,28.6,-0.2,10.5,3.2
1572,Salzgitter,Germany,13.4,-0.1,11.7,2.5
1668,Aareal Bank,Germany,1.5,0.1,60.3,1.4
1738,N¨¹rnberger,Germany,4.7,0.1,28.9,0.9
1759,IKB Deutsche,Germany,2.6,-0.7,41.8,0.4
1782,Hugo Boss,Germany,3,0.4,2.1,7.7
1790,ProSiebenSat1 Media,Germany,3,0.4,7.1,7.9
1875,BayWa,Germany,13.5,0.1,5.9,1.7
1880,DVB Bank,Germany,1.5,0.2,31.4,1.5
1921,Fraport,Germany,3.1,0.3,12.7,5.2
1089,National Bank of Greece,Greece,10.4,-16,137,1
1118,Bank of Greece,Greece,5.4,0.3,210.7,0.4
1285,Coca-Cola HBC,Greece,9.3,0.3,9.5,10.2
1412,Hellenic Telecom,Greece,6.2,0.6,10.7,3.7
1505,Alpha Bank,Greece,4.6,-1.4,76.9,0.5
1530,Public Power,Greece,7.7,0,21.2,2
1660,Piraeus Bank,Greece,3.9,-8.6,62.5,0.3
1688,Hellenic Petroleum,Greece,13.8,0.1,62.5,0.3
1709,OPAP,Greece,5.2,0.7,2.3,2.8
1920,Motor Oil,Greece,12.8,0.1,3.4,1.2
29,China Mobile,Hong Kong,88.8,20.5,168.7,213.8
111,Cnooc,Hong Kong,39.2,10.1,73.2,84.3
137,Hutchinson Whampoa,Hong Kong,31.3,3.4,103.7,45.1
150,AIA Group,Hong Kong,20.4,3,134.4,53.5
185,Jardine Matheson,Hong Kong,39.6,1.7,63.5,43.3
217,China Unicom,Hong Kong,39.5,1.1,82.8,32.4
307,Sun Hung Kai Properties,Hong Kong,8.8,5.6,60.3,36.4
437,CLP Holdings,Hong Kong,13.5,1.1,29.4,21.7
517,Swire Pacific,Hong Kong,5.7,2.3,41.5,18.8
523,Cheung Kong Holdings,Hong Kong,2.5,4.1,49.4,33.7
627,MTR,Hong Kong,4.6,1.7,26.7,23
637,China Resources Land,Hong Kong,5.7,1.4,29.4,14.6
657,China Resources Power,Hong Kong,8.1,1,22.9,12.4
661,Wheelock & Co,Hong Kong,4.3,3.5,49.4,10
675,Henderson Land,Hong Kong,2,2.6,33.9,15.1
713,Noble Group,Hong Kong,94,0.5,19.7,6.2
716,Li & Fung,Hong Kong,20.2,0.6,12,11.5
724,New World Development,Hong Kong,4.6,1.3,36.8,10.7
789,Citic Pacific,Hong Kong,12,0.9,31.9,4.7
800,China Resources Enterprise,Hong Kong,16.3,0.5,16.4,7.6
801,Bank of East Asia,Hong Kong,3.7,0.8,89.3,9
860,SJM Holdings,Hong Kong,10.3,0.9,4.8,13.1
871,Power Assets Holdings,Hong Kong,1.3,1.3,13.1,19.5
878,Hong Kong & China Gas,Hong Kong,3.2,1,12.8,25
891,Galaxy Entertainment,Hong Kong,7.3,1,5.7,16.7
954,Chow Tai Fook Holdings,Hong Kong,7.3,0.8,6.1,13.8
1034,Link REIT,Hong Kong,0.8,1.2,10.2,12.7
1041,Hang Lung Group,Hong Kong,1,0.7,23.6,7.9
1081,Belle International Holdings,Hong Kong,5.2,0.7,4.6,15.3
1082,Cathay Pacific Airways,Hong Kong,12.6,0.1,20.5,7.1
1104,Hong Kong Exchanges,Hong Kong,0.8,0.5,10.4,20.2
1329,Beijing Entreprises,Hong Kong,4.6,0.4,11.5,8.6
1387,China Taiping Insurance,Hong Kong,8.1,0.1,31.3,3.1
1419,China Merchants Holdings,Hong Kong,1.4,0.5,10,8.6
1424,First Pacific,Hong Kong,6,0.3,13.9,5.3
1452,Meico Crown Entertainment,Hong Kong,4.1,0.4,7.9,11.5
1463,Hysan Development,Hong Kong,0.3,1.3,8.8,5.2
1534,Sino Land,Hong Kong,1.1,0.6,14.7,3.9
1564,Chinese Estates,Hong Kong,0.4,1.3,9.6,2.9
1577,Shangri-La Asia,Hong Kong,2.1,0.4,11.9,7.2
1642,Michael Kors Holdings,Hong Kong,2,0.3,1.2,11.5
1714,Shanghai Industrial,Hong Kong,2.5,0.4,14.9,3.3
1764,China Agri-Industries,Hong Kong,11.8,0.2,9.6,2.9
1959,TPV Technology,Hong Kong,12,0.1,6.9,0.8
1986,Wing Hang Bank,Hong Kong,0.9,0.2,25.5,3.2
1987,Poly Property Group,Hong Kong,2.7,0.3,13.9,2.2
660,MOL Hungarian Oil,Hungary,24.6,0.7,21.6,7.5
905,OTP Bank,Hungary,6.6,0.5,45.8,5.6
121,Reliance Industries,India,70.3,3.9,64.2,50.4
136,State Bank of India,India,35.1,3,359.1,28.1
155,Oil & Natural Gas,India,28.9,5.5,52.1,50.5
309,ICICI Bank,India,13.2,1.5,118,22.8
334,Tata Motors,India,32.6,2.7,27.6,15.9
350,Indian Oil,India,70.8,0.8,43.2,14.2
377,Coal India,India,12.3,2.9,20.8,37.4
384,NTPC,India,12.8,1.9,30.5,22.3
456,Bharti Airtel,India,14,0.8,29.8,21.8
463,HDFC Bank,India,6.5,1,66.7,28.1
527,Larsen & Toubro,India,12.6,0.9,23.8,17.2
561,HDFC,India,5.9,1.1,41.6,23.3
590,Tata Steel,India,26.1,1,28.8,6.4
636,Tata Consultancy Services,India,9.6,2,8.1,56.9
678,Axis Bank,India,5.3,0.8,55.8,11.6
717,Punjab National Bank,India,8.2,1,92.3,5
727,Bank of Baroda,India,6.8,1,89.8,5.5
770,Bharat Heavy Electicals,India,9.4,1.4,12.9,9
788,Infosys,India,6.6,1.6,7.5,30.5
812,Wipro,India,7.3,1.1,8.5,20.1
816,Mahindra & Mahindra,India,10.9,0.6,12.5,10.5
841,ITC,India,5.2,1.2,5.9,44.1
895,Hindalco Industries,India,15.8,0.7,19.9,3.4
920,Canara Bank,India,6.7,0.7,74.4,3.5
962,GAIL India,India,8.7,0.9,10,7.6
973,Bank of India,India,6.3,0.5,76.1,3.4
985,Steel Authority of India,India,9,0.7,15.4,5.3
1056,Power Grid of India,India,2,0.6,18.2,9.3
1112,Bharat Petroleum,India,36.7,0.2,15.3,15.4
1174,NMDC,India,2.2,1.4,6.9,10.6
1183,Adani Enterprises,India,7.7,0.4,21,4.9
1197,IDBI Bank,India,5,0.4,56.9,2.1
1217,Hindustan Petroleum,India,32.6,0,16.8,1.9
1251,Power Finance,India,2.6,0.6,26.5,4.9
1266,Kotak Mahindra Bank,India,2.6,0.4,18.1,9.2
1320,Union Bank of India,India,4.6,0.3,51.7,2.4
1325,Sun Pharma Industries,India,1.6,0.5,3.1,16
1416,Bajaj Auto,India,3.7,0.6,2.2,9.9
1429,Rural Electrification,India,2.1,0.6,21.7,4.1
1466,Allahabad Bank,India,3.3,0.4,36,1.3
1497,Jindal Steel & Power,India,3.6,0.8,8.8,6.2
1534,HCL Technologies,India,3.8,0.4,3.2,10.2
1581,Indian Bank,India,2.6,0.3,27.5,1.4
1620,NHPC,India,1.4,0.6,11.8,4.6
1638,Oil India,India,1.9,0.7,4.5,6.1
1656,Corporation Bank,India,2.9,0.3,32.1,1.1
1674,Hero MotoCorp,India,4.6,0.5,1.9,6.2
1708,Central Bank of India,India,4,0.1,45.2,1
1720,Grasim Industries,India,4.9,0.5,7.2,5
1729,Syndicate Bank,India,3.2,0.3,35.8,1.3
1749,Indian Overseas Bank,India,3.9,0.2,43.1,1
1775,DLF,India,1.9,0.2,12.4,8.6
1818,UCO Bank,India,3.1,0.2,35.4,0.7
1827,Oriental Bank of Commerce,India,3.4,0.2,35,1.5
1878,Andhra Bank,India,2.5,0.3,24.7,1
1984,Reliance Infrastructure,India,4.7,0.3,12.1,2
446,Bank Mandiri,Indonesia,6.3,1.6,65.5,24
461,Bank Rakyat Indonesia,Indonesia,6,1.9,57,22.4
613,Bank Central Asia,Indonesia,4,1.2,46,27.1
685,Telekom Indonesia,Indonesia,8,1.3,11.5,21.4
922,Bank Negara Indonesia,Indonesia,3.2,0.7,34.6,9
1188,PGN,Indonesia,2.6,0.9,3.9,13.5
1378,Gudang Garam,Indonesia,5.2,0.4,4.3,9.8
1425,Semen Indonesia,Indonesia,2.1,0.5,2.8,11.2
1453,Bank Danamon Indonesia,Indonesia,2.5,0.4,16.1,5.9
318,Accenture,Ireland,30.1,3.1,16.4,53.3
347,Eaton,Ireland,16.3,1.2,35.8,29.5
417,Covidien,Ireland,12,1.9,22,30.9
454,CRH,Ireland,24.6,0.7,27.6,16.7
541,Ingersoll-Rand,Ireland,14,1,18.5,16.4
641,Seagate Technology,Ireland,16.3,3.2,8.7,12.7
709,XL Group,Ireland,7.2,0.7,45.4,9
808,Allied Irish Banks,Ireland,4.6,-4.8,161.5,50
959,Ryanair Holdings,Ireland,5.8,0.7,12,10.7
992,Bank of Ireland,Ireland,8.2,-2.4,195.3,6
1096,Shire,Ireland,4.6,0.7,7.3,17.2
1121,Experian,Ireland,4.5,0.7,7.8,18
1286,Kerry Group,Ireland,7.7,0.4,7,9.8
1512,Smurfit Kappa Group,Ireland,9.7,0.3,10.9,3.7
1691,Permanent TSB Group,Ireland,1.7,-1.3,53.9,1.7
1843,DCC,Ireland,14.3,0.1,5,2.8
1959,James Hardie Industries,Ireland,1.2,0.6,1.9,4.7
234,Teva Pharmaceutical Inds,Israel,20.9,2,50.5,35.5
845,Bank Hapoalim,Israel,5.1,0.7,100.8,5.9
1124,Delek Group,Israel,18.6,0.1,30.7,3
1291,IDB Holding,Israel,10.1,-0.2,32.4,0.1
1306,Bank Leumi,Israel,4.7,0.2,100.7,5.1
1309,Israel Corp,Israel,11.5,-0.1,15.7,5.7
1382,Check Point Software,Israel,1.4,0.6,4.5,10.3
1611,Mizrahi Tefahot Bank,Israel,2.1,0.3,43.4,2.4
1692,Israel Discount Bank,Israel,2.9,0.2,53.8,1.9
1929,FIBI Holdings,Israel,1.4,0.2,28.2,0.5
30,ENI,Italy,163.7,10,185.2,86.3
145,ENEL,Italy,111.9,1.1,226.3,32.2
154,UniCredit Group,Italy,54.2,1.1,1221.9,29
412,EXOR,Italy,117.5,0.7,159.4,7.1
436,Generali Group,Italy,116.7,0.1,582.4,26
459,Intesa Sanpaolo,Italy,47.7,-10.6,813.8,26.4
586,Telecom Italia,Italy,37.9,-2.1,102.3,15.2
729,Luxottica Group,Italy,9.3,0.7,10.9,23.7
756,Atlantia,Italy,4.4,1,40.1,10.6
826,Unipol Gruppo,Italy,17.8,0.3,109.7,1.8
1024,Banca MPS,Italy,12.1,-4.1,288.9,3.2
1068,Finmeccanica,Italy,22.4,-3,38.4,3
1085,Mediolanum,Italy,15,0.1,43.7,4.5
1105,Terna,Italy,2.3,0.6,18.6,8.3
1166,Banco Popolare,Italy,7.8,-2.9,169.9,2.6
1172,Prada,Italy,3.3,0.6,3.6,25.8
1183,UBI Banca,Italy,7.4,0.1,174.8,3.7
1280,Pirelli & C,Italy,7.8,0.5,10,5.3
1399,A2A,Italy,8.1,0.3,15.8,1.9
1556,Banca Popolare dell'Emilia,Italy,4.1,0,81.3,2.6
1635,Banca Popolare di Milano,Italy,2,-0.6,69.3,2
1650,Banco Carige,Italy,2,-0.1,65.1,1.8
1743,Cattolica Assicurazioni,Italy,5.2,0.1,23.2,1
1754,Banca Popolare di Sondrio,Italy,2,0,42.7,1.8
1775,Credito Emiliano,Italy,1.9,0.2,40.5,1.7
1782,Credito Valtellinese,Italy,1.4,-0.4,39.5,0.6
1794,Saras,Italy,15.7,-0.1,5.2,1.1
1881,Prysmian,Italy,10.1,0.2,7.9,4.9
1925,Italmobiliare,Italy,6.1,-0.3,13.8,0.7
27,Mitsubishi UFJ Financial,Japan,59,11.9,2653.1,85.7
31,Toyota Motor,Japan,224.5,3.4,371.3,167.2
46,Nippon Telegraph & Tel,Japan,126.9,5.6,226,58.2
51,Sumitomo Mitsui Financial,Japan,47.3,6.3,1733.2,57.6
78,Mizuho Financial,Japan,32.8,5.9,2005,53.7
85,Nissan Motor,Japan,113.7,4.1,133.4,43.4
86,Honda Motor,Japan,96,2.6,140.9,72.4
110,Mitsubishi Corp,Japan,67.2,5.5,152.6,32.1
117,Hitachi,Japan,116.8,4.2,113.2,28.5
126,Mitsui & Co,Japan,63.4,5.2,109.3,27
148,Softbank,Japan,38.7,3.8,58.3,47.2
172,Itochu,Japan,51.6,3.6,78.1,20.2
181,Canon,Japan,40.1,2.6,45.7,41.9
191,Japan Tobacco,Japan,24.6,3.9,43,61.6
199,KDDI,Japan,43.1,2.9,47.4,29.1
214,JX Holdings,Japan,129.5,2.1,80.7,14.4
215,Sumitomo Corp,Japan,39.4,3,86.6,16.2
220,East Japan Railway,Japan,30.6,1.3,82.9,32.5
221,Seven & I Holdings,Japan,58.9,1.6,47.6,27.4
248,Bridgestone,Japan,38.1,2.2,35.1,27.4
249,Sumitomo Mitsui Trust,Japan,15.4,2,415.4,18.4
252,Marubeni,Japan,53,2.1,61.9,13.7
263,Toshiba,Japan,73.7,0.9,65.1,21.3
264,Denso,Japan,38.1,1.1,43.2,34.9
281,Takeda Pharmaceutical,Japan,18.2,1.5,43.2,43.6
302,Central Japan Railway,Japan,18.2,1.6,61.3,20.6
303,Mitsubishi Electric,Japan,44,1.4,39.1,18.8
305,Nippon Steel & Sumitomo Metal,Japan,49.4,0.7,58.9,25.6
331,Komatsu,Japan,23.9,2,27.7,22.2
335,Resona Holdings,Japan,9.5,3.1,522.9,13.6
342,Inpex,Japan,14.3,2.3,36.9,20.6
395,Mitsubishi Estate,Japan,12.2,0.7,53.2,40.8
416,Orix,Japan,11.8,1,101.2,13.5
419,Mitsui Fudosan,Japan,16.2,0.6,46.9,25.2
423,Aeon,Japan,64.1,0.8,49.1,8.9
450,Shin-Etsu Chemical,Japan,12.7,1.2,21.8,28.7
453,Toyota Tsusho,Japan,71.5,0.8,34.4,9.2
467,Kirin Holdings,Japan,21.6,0.6,33.6,15.2
487,Suzuki Motor,Japan,30.3,0.7,27.2,13.3
492,Kyocera,Japan,14.1,1,24,17.1
495,Otsuka Holdings,Japan,13.9,1.1,19.9,18.6
503,Tokio Marine Holdings,Japan,39.4,0.1,196.4,23.5
506,Sony,Japan,78.5,-5.5,160.3,17.6
517,Toyota Industries,Japan,18.6,0.7,32.2,11.7
534,Dai-ichi Life Insurance,Japan,56.5,0.2,403.2,13.4
535,Nomura Holdings,Japan,22.4,0.1,431.3,23.6
537,Fujitsu,Japan,54,0.5,35,9.2
546,Mitsubishi Heavy Industries,Japan,34.1,0.3,48,18.8
552,Aisin Seiki,Japan,27.8,0.7,24.7,10.6
553,Astellas Pharma,Japan,11.7,0.9,16.6,25.9
557,Panasonic,Japan,94.8,-9.3,76.1,16.7
563,Sumitomo Realty,Japan,8.3,0.6,46.7,18.4
566,Sumitomo Electric,Japan,24.9,0.7,25,10
575,MS&AD Insurance,Japan,42.2,-2,173.4,14.1
581,Tokyo Gas,Japan,21.2,0.6,22.2,13.5
583,Fujifilm Holdings,Japan,26.5,0.5,32.4,9.4
604,Toray Industries,Japan,19.2,0.8,18.8,10.4
606,Kubota,Japan,12.2,0.7,18,17.4
619,T&D Holdings,Japan,24.5,0.3,155.1,8.1
621,Isuzu Motors,Japan,16.9,1.1,14.6,10.5
631,Mitsubishi Chemical,Japan,38.8,0.4,37.4,7.4
637,Fanuc,Japan,6.5,1.7,13.7,29.7
649,Japan Airlines,Japan,14.6,2.3,13.2,8.7
662,Daiwa House Industry,Japan,22.3,0.4,24,11.5
665,Asahi Group Holdings,Japan,13.1,0.7,20,11.1
667,JFE Holdings,Japan,38.3,-0.4,47.4,12.6
670,Kao Corp,Japan,15.4,0.7,12,17.4
672,Asahi Kasei,Japan,19,0.7,16.9,9.2
682,NKSJ Holdings,Japan,30.9,-1.1,105.2,9.4
683,Fuji Heavy Industries,Japan,18.3,0.5,16.4,12.9
685,Idemitsu Kosan,Japan,52.1,0.8,32.4,3.5
688,Sekisui House,Japan,20,0.6,16.9,9.4
713,Fast Retailing,Japan,11.8,0.9,7.5,32.6
722,Chubu Electric Power,Japan,29.6,-1.1,65.8,9
738,Osaka Gas,Japan,15.6,0.5,17.9,8.7
739,Asahi Glass,Japan,14.9,0.5,21.9,7.8
741,West Japan Railway,Japan,15.6,0.4,30.6,9.2
744,Daikin Industries,Japan,14.7,0.5,14,12.5
749,Tokyu,Japan,13.2,0.4,23.8,9.3
759,Kansai Electric Power,Japan,34,-2.9,86.7,7
814,All Nippon Airways,Japan,17.1,0.3,23.5,7.8
822,Sumitomo Metal Mining,Japan,10.2,0.8,13.9,8
830,Ajinomoto,Japan,14.5,0.5,13.2,8.7
839,Tokyo Electric Power,Japan,64.6,-9.4,188.8,3.6
840,Eisai,Japan,7.8,0.7,11.7,13
852,Mazda Motor,Japan,24.6,-1.3,23.2,9.5
862,Nikon,Japan,11.1,0.7,10.3,9.4
866,Hankyu Hanshin Holdings,Japan,7.8,0.5,27.6,7.5
870,NEC,Japan,36.7,-1.3,23.2,9.5
873,Dentsu,Japan,22.9,0.4,14.3,8
882,Isetan Mitsukoshi Holdings,Japan,15,0.7,14.9,5.3
884,Bank of Yokohama,Japan,3.6,0.6,155.1,7.1
886,Ricoh,Japan,23,-0.5,27.2,7.9
932,Secom,Japan,8.2,0.4,13.2,11.6
933,Daiwa Securities,Japan,5.1,-0.5,229.9,12
948,Daiichi Sankyo,Japan,11.3,0.1,17.9,13.9
963,Shizuoka Bank,Japan,2.4,0.4,117.8,7.3
975,Mitsubishi Motors,Japan,21.8,0.3,15.9,6.8
989,Murata Manufacturing,Japan,7.1,0.4,12,15.6
1000,Yamada Denki,Japan,22.2,0.7,11.2,4
1001,Mitsubishi UFJ Lease,Japan,8.8,0.4,44.6,4.3
1004,Chiba Bank,Japan,2.4,0.5,132.2,6
1023,Sumitomo Chemical,Japan,23.5,0.1,28.1,5.1
1031,Tohoku Electric Power,Japan,20.4,-2.8,48.9,3.6
1045,Kyushu Electric Power,Japan,18.2,-2,51.6,4.3
1049,Kintetsu,Japan,11.4,0.1,22.2,8.1
1058,Nippon Express,Japan,19.7,0.3,15,5.2
1061,Dai Nippon Printing,Japan,18.2,-0.2,19.1,6.4
1072,Sharp,Japan,29.7,-4.5,31.8,3.7
1078,Nintendo,Japan,7.8,-0.5,15.9,14.4
1079,Daito Trust Construction,Japan,13.1,0.6,6.7,7
1093,Aozora Bank,Japan,1.6,0.6,61.3,5.1
1094,Nippon Yusen,Japan,21.8,-0.9,25.7,4.7
1103,Keyence,Japan,2.6,0.8,8.6,18.3
1108,Nidec,Japan,8.2,0.5,9.6,8
1123,Lixil Group,Japan,15.6,0,17.6,6.1
1126,Kawasaki Heavy Industries,Japan,15.8,0.3,16.1,5.3
1136,Kobe Steel,Japan,22.5,-0.2,26,3.8
1140,Cosmo Oil,Japan,37.6,-0.1,20,1.8
1149,Tokyo Electron,Japan,7.6,0.4,9.3,8.5
1149,Chugoku Electric Power,Japan,14.3,0,34.2,4.4
1153,SMC Corp,Japan,4.1,0.7,8.9,13.2
1162,Tokyu Land,Japan,6.7,0.4,21,5
1207,Toppan Printing,Japan,18.2,0,19.1,4.6
1208,Yamato Holdings,Japan,15.2,0.2,11,7.7
1212,Mitsui OSK Lines,Japan,17.3,-0.3,23.5,4.2
1215,Century Tokyo Leasing,Japan,8.7,0.3,27.4,2.6
1224,Shinsei Bank,Japan,4.5,0.1,104.4,6.6
1225,IHI,Japan,14.8,0.3,15.7,4.5
1234,Oji Holdings,Japan,14.7,0.3,19.7,3.5
1243,Mitsubishi Materials,Japan,17.4,0.1,21.1,3.8
1248,Medipal Holdings,Japan,33.2,0.1,15.5,3.2
1249,Kajima,Japan,17.6,0,20.2,2.9
1271,Fuji Media Holdings,Japan,7.2,0.7,11.4,4
1287,Nitto Denko,Japan,7.3,0.4,7.8,9.6
1296,Showa Shell Sekiyu,Japan,30.3,0,14,2.6
1303,Jupiter Telecommunications,Japan,4.7,0.5,9.4,8.9
1309,Fukuoka Financial Group,Japan,3,0.3,156.6,4.1
1315,Sekisui Chemical,Japan,11.7,0.3,9.8,5.5
1316,Obayashi,Japan,15,0.1,19.2,3.6
1325,Taisei,Japan,16,0,17.7,3.2
1338,Shimizu,Japan,16.1,0,17,2.6
1343,Odakyu Electric Railway,Japan,6.1,0.2,15.9,8.8
1345,Alfresa Holdings,Japan,28.2,0.1,13.1,2.7
1361,Mitsui Chemicals,Japan,17.6,0,15.2,2.3
1380,Olympus,Japan,10.2,-0.6,11.6,6.8
1381,Nippon Paper Industries,Japan,12.6,-0.5,18.5,1.9
1386,JGC,Japan,6.7,0.5,6.3,6.7
1422,Suzuken,Japan,22.5,0.1,11.8,3.1
1425,Oriental Land,Japan,4.4,0.4,7.5,13.3
1472,Yamaha Motor,Japan,13.9,0.1,11.1,4.9
1475,Electric Power Development,Japan,7.9,0.2,23.9,3.8
1480,Hoya,Japan,4.4,0.5,6.7,8.2
1500,Unicharm,Japan,5.2,0.3,5.2,10.6
1547,NSK,Japan,8.9,0.3,10.2,4.2
1556,Hokuhoku Financial Group,Japan,2.5,0.2,128.7,2.6
1560,Hokkaido Electric Power,Japan,7.7,-0.9,19.6,1.7
1567,Yamaguchi Financial,Japan,1.8,0.2,110.2,2.5
1580,UNY Group Holdings,Japan,13.3,0.1,11.7,1.7
1581,Joyo Bank,Japan,1.9,0.2,97.1,4.2
1585,Nishi-Nippon City Bank,Japan,1.9,0.2,92.7,2.4
1588,77 Bank,Japan,1.4,0.1,92.2,2
1597,TDK,Japan,9.8,0,12.6,4.6
1598,Bank of Kyoto,Japan,1.4,0.2,89.4,3.5
1607,Sumitomo Rubber,Japan,8.2,0.4,8.5,4.3
1608,Kawasaki Kisen Kaisha,Japan,11.7,-0.5,12.3,2.2
1619,Hiroshima Bank,Japan,1.5,0.2,80.5,2.9
1620,Hachijuni Bank,Japan,2,0.2,80.2,2.9
1624,Gunma Bank,Japan,1.5,0.2,78.5,2.7
1624,Jtekt,Japan,12.7,0.2,11.4,3.3
1628,Chugoku Bank,Japan,1.4,0.2,76.7,3.2
1637,Iyo Bank,Japan,1.4,0.2,68.9,2.8
1642,Juroku Bank,Japan,1.4,0.1,66.6,1.5
1669,Senshu Ikeda Holdings,Japan,1.4,0,60.3,1.3
1672,Japan Securities,Japan,0.2,0,59.9,0.7
1676,Nanto Bank,Japan,1,0,58.2,1.3
1682,Daishi Bank,Japan,0.9,0.1,56.8,1.4
1689,Shiga Bank,Japan,1.1,0.1,54.9,1.6
1690,Hyakugo Bank,Japan,1,0.1,54.8,1.2
1695,Lawson,Japan,5.9,0.3,6.4,7.1
1699,Ogaki Kyoritsu Bank,Japan,1,0.1,52.7,1.3
1703,Orient,Japan,2.6,0,52,1.9
1705,Toho Bank,Japan,0.7,0.1,51.4,0.8
1711,San-In Godo Bank,Japan,1.1,0.1,50.1,1.4
1713,Higo Bank,Japan,0.9,0.1,49.9,1.4
1719,Hyakujushi Bank,Japan,0.9,0.1,48.7,1.2
1726,Hanwa,Japan,18.9,0.1,7.1,0.8
1730,Kiyo Holdings,Japan,1,0.1,46.6,1.2
1732,Musashino Bank,Japan,0.9,0.1,46.1,1.3
1734,Keiyo Bank,Japan,0.9,0.1,45.8,1.6
1746,Kagoshima Bank,Japan,0.9,0.1,43.3,1.4
1747,Meiji Holdings,Japan,13.4,0.1,9.1,3.3
1748,Terumo,Japan,4.7,0.3,8.3,8.3
1751,Renesas Electronics,Japan,10.7,-0.8,10.4,1.1
1756,Suruga Bank,Japan,1.2,0.2,42.2,3.8
1770,Hokkoku Bank,Japan,0.8,0.1,41.3,1.3
1777,Konica Minolta,Japan,9.3,0.2,10.5,4.2
1780,Taiheiyo Cement,Japan,8.8,0.1,11.7,2.9
1784,Credit Saison,Japan,4.3,0.1,25.3,4.6
1788,Nagoya Railroad,Japan,7.3,0.1,13.6,2.8
1790,Bank of Iwate,Japan,0.5,0.1,38.6,0.8
1792,Bank of Nagoya,Japan,0.8,0,38.5,0.9
1799,Shiseido,Japan,8.2,0.2,8.5,5.7
1799,J Front Retailing,Japan,11.6,0.2,9.4,3.8
1807,Takashimaya,Japan,10.6,0.1,9.8,3
1809,Hokuriku Electric Power,Japan,6,-0.1,16.4,2.4
1813,Furukawa Electric,Japan,11.1,-0.1,9.5,1.6
1816,Fuyo General Lease,Japan,5.1,0.2,20.3,1.2
1816,Toyo Seikan Kaisha,Japan,8.5,0,11.5,2.9
1825,Yamanashi Chuo Bank,Japan,0.6,0.1,35.1,0.8
1843,Awa Bank,Japan,0.8,0,34.1,1.4
1847,Oita Bank,Japan,0.7,0.1,33.7,0.6
1851,Aichi Bank,Japan,0.6,0,33.5,0.6
1856,Calsonic Kansei,Japan,9.4,0.3,4.1,1.2
1858,Jaccs,Japan,1.3,0.1,33.1,0.9
1874,Tomony Holdings,Japan,0.7,0.1,31.7,0.7
1875,Teijin,Japan,10.3,0.1,9.2,2.3
1875,Shikoku Bank,Japan,0.5,0,31.6,0.7
1878,Akita Bank,Japan,0.6,0,31.6,0.5
1883,Tokyo Tomin Bank,Japan,0.6,0,31.4,0.4
1885,Showa Denko,Japan,8.5,0.1,10.5,2.2
1888,Toho Holdings,Japan,13.4,0.1,6.5,1.5
1894,Seiko Epson,Japan,10.6,0.1,9,1.9
1897,Tochigi Bank,Japan,0.6,0,30.4,0.4
1901,Yokohama Rubber,Japan,6.5,0.4,6.2,3.3
1903,Nippon Steel Trading,Japan,13.1,0.1,4,0.4
1903,Eighteenth Bank,Japan,0.6,0,29.9,0.5
1907,Aomori Bank,Japan,0.5,0,29.8,0.7
1926,Fidea Holdings,Japan,0.6,0.1,28.3,0.4
1930,Hokuetsu Bank,Japan,0.6,0.1,28.1,0.6
1932,K's Holdings,Japan,8.8,0.3,4,1.5
1935,Chiba Kogyo Bank,Japan,0.5,0.1,27.8,0.5
1936,Ehime Bank,Japan,0.5,0,27.7,0.4
1937,Nippon Meat Packers,Japan,12.3,0.1,7,3.3
1954,Kanematsu,Japan,12.2,0.1,4.7,0.6
1956,Fukui Bank,Japan,0.5,0.1,27.1,0.5
1964,Yamagata Bank,Japan,0.5,0,26.6,0.8
1967,Tsukuba Bank,Japan,0.5,0,26.5,0.4
1967,Hakuhodo DY Holdings,Japan,11.8,0.1,6.2,3
1971,Yachiyo Bank,Japan,0.5,0.1,26.5,0.5
1975,Omron,Japan,7.5,0.2,6.1,5.5
1975,Fuji Electric,Japan,8.5,0.1,9.6,2.1
1977,Toyota Boshoku,Japan,11.6,0,7.1,2.6
1980,Miyazaki Bank,Japan,0.5,0.1,25.7,0.5
1994,Bank of Saga,Japan,0.5,0,25,0.4
1996,San-Ai Oil,Japan,0.5,0.1,25.7,0.5
1255,Arab Bank,Jordan,2.1,0.3,45.6,5.9
1064,KazMunaiGas Exploration,Kazakhstan,5.3,1.1,10.4,7.9
1640,Halyk Bank,Kazakhstan,1.6,0.5,16,2
692,National Bank of Kuwait,Kuwait,2.5,1.1,58.4,14.6
1054,Zain,Kuwait,4.6,0.9,10.4,10.8
1129,Kuwait Finance House,Kuwait,3.6,0.3,52.2,8.1
1982,Kuwait Projects,Kuwait,1.5,0.1,25.5,2
1514,Bank Audi,Lebanon,2,0.4,31.3,2.4
1662,Blom Bank,Lebanon,1.6,0.3,25,1.7
1228,Royal Carribean Cruises,Liberia,7.7,0,19.8,7.4
485,ArcelorMittal,Luxembourg,84.2,-3.7,114.6,23.1
515,Tenaris,Luxembourg,11.1,1.7,15.7,24.2
892,RTL Group,Luxembourg,7.7,0.8,10.4,11.5
928,Espirito Santo Financial,Luxembourg,8.7,0.4,114.5,1.4
1055,SES,Luxembourg,2.4,0.9,11.8,12.6
1405,Millicom International,Luxembourg,4.9,0.5,7.9,8.2
1843,Ternium,Luxembourg,8.6,0.1,10.9,4
332,Maybank,Malaysia,9.1,1.9,161.4,24.3
467,CIMB Group Holdings,Malaysia,6.3,1.4,110.2,16.8
516,Tenaga Nasional,Malaysia,11.5,1.3,28.3,12.6
542,Sime Darby,Malaysia,15,1.3,14.9,17.3
594,Public Bank,Malaysia,4.2,1.3,89.8,18
725,Genting,Malaysia,5.6,1.4,21.5,11.6
807,Axiata Group,Malaysia,5.8,0.8,14,17.2
941,Petronas Chemicals,Malaysia,5.4,1.2,8.3,16.3
973,RHB Capital,Malaysia,2,0.6,61.8,6.8
1125,AmBank Group,Malaysia,2.1,0.5,36.4,6.1
1260,Maxis,Malaysia,2.9,0.6,5.8,15.6
1261,YTL,Malaysia,6.4,0.4,16.3,5.6
1302,Hong Leong Financial,Malaysia,2.3,0.4,53.6,4.8
1317,IOI Group,Malaysia,4.9,0.6,7.2,9.6
1450,Petronas Gas,Malaysia,1.2,0.5,4.4,11.8
1496,Petronas Dagangan,Malaysia,9.6,0.3,3.2,7.4
1823,DRB-Hicom,Malaysia,2.2,0.4,12.9,1.5
1842,MISC,Malaysia,3.1,0.2,12.2,7.4
1858,Kuala Lumpur Kepong,Malaysia,3.3,0.4,3.7,6.9
1961,Telekom Malaysia,Malaysia,3.2,0.4,7.3,6.1
100,Am¨¦rica M¨®vil,Mexico,60.2,7.1,74.6,70.7
349,Femsa,Mexico,18.5,1.6,22.6,37.7
440,Grupo Mexico,Mexico,10.4,2.4,18.4,32.3
491,GFNorte,Mexico,7.7,0.8,70.6,18.5
712,ALFA,Mexico,15.6,0.7,11.8,12.7
769,Grupo Modelo,Mexico,7.2,1,9.6,29
778,Cemex,Mexico,15.3,-0.9,35.9,13.6
818,Grupo Inbursa,Mexico,3.6,0.7,26.2,18.5
918,Grupo Televisa,Mexico,5.4,0.7,12.6,14.9
925,Industrias Peoles,Mexico,7.4,0.8,6.4,17.4
1106,Grupo Bimbo,Mexico,13.5,0.2,10.1,13
1117,Grupo Carso,Mexico,6.4,0.6,5.9,11.3
1153,El Puerto de Liverpool,Mexico,5,0.5,6.6,15.5
1192,Fresnillo,Mexico,2.2,0.7,3.3,16.1
1455,Arca Continental,Mexico,4.4,0.4,4.9,12
1465,Grupo Elektra,Mexico,5.3,-1.5,12.8,9.5
1469,Mexichem,Mexico,4.9,0.4,7.6,10.8
1626,Soriana,Mexico,8,0.3,5.7,6.8
1773,Kimberly-Clark de Mexico,Mexico,2.3,0.3,2.2,9.6
1044,Attijariwafa Bank,Morocco,3.4,0.5,43.5,6.7
1871,Banque Centrale Populaire,Morocco,1.9,0.2,32,3.9
7,Royal Dutch Shell,The Netherlands,467.2,26.6,360.3,213.1
60,ING Group,The Netherlands,130,5.1,1533.7,31.9
103,Unilever,The Netherlands,67.7,5.9,59.9,122.3
119,Schlumberger,The Netherlands,42.3,5.5,61.5,105.5
135,EADS,The Netherlands,74.5,1.6,115.5,46
207,Aegon,The Netherlands,55.2,2,483.2,12.7
243,LyondellBasell Industries,The Netherlands,46.4,2.9,24.2,36.8
270,VimpelCom,The Netherlands,23.1,2.1,55.4,19
299,Heineken Holding,The Netherlands,24.3,1.9,46.7,18.6
428,Ahold,The Netherlands,43.3,1.1,19.4,15.7
544,Philips,The Netherlands,32.7,0.3,35.8,27.5
701,KPN,The Netherlands,16.4,0.9,27.2,5.5
743,ASML Holding,The Netherlands,6.2,1.5,9.7,28.9
784,Akzo Nobel,The Netherlands,20.3,-2.9,22.6,16.2
846,DSM,The Netherlands,12,0.4,15.3,11.4
1021,Delta Lloyd,The Netherlands,14.6,-2,105.5,3.3
1186,Nielsen Holdings,The Netherlands,5.6,0.3,14.6,12.9
1240,HAL Trust,The Netherlands,5.2,0.6,8.4,9
1280,Randstad Holding,The Netherlands,22.5,0,8.3,7.6
1539,PostNL,The Netherlands,5.7,0.9,6.1,1
1588,Wolters Kluwer,The Netherlands,4.8,0.4,8.5,6.6
1710,Vopak,The Netherlands,1.7,0.4,6.6,7.9
1832,Chicago Bridge & Iron,The Netherlands,5.6,0.3,4.3,6.1
1872,Gemalto,The Netherlands,2.9,0.3,3.6,8.1
1820,Telecom of New Zealand,New Zealand,3.5,0.9,2.9,3.4
1190,Dangote Cement,Nigeria,1.5,0.8,3.2,15.1
38,Statoil,Norway,126.8,12.4,140.2,78.1
219,DNB,Norway,14.4,2.5,406.8,26.5
326,Telenor,Norway,18.3,1.7,29.6,34.1
565,Yara International,Norway,15.1,1.9,14.4,13.2
1017,Norsk Hydro,Norway,11.7,-0.2,20.9,9
1059,Gjensidige Forsikring,Norway,4.1,0.8,16.8,8.4
1175,Storebrand,Norway,9,0.2,75.6,2
1516,Orkla,Norway,5.4,0.3,10.4,8.4
1531,Aker Solutions,Norway,8.1,0.4,7.1,5.1
1944,SpareBank 1 SR-Bank,Norway,1.2,0.2,25.4,2.4
1678,Bank Muscat,Oman,1.1,0.4,20.5,3.3
1311,Oil & Gas Development,Pakistan,1.8,1,3.6,8.7
338,Carnival,Panama,15.4,1.5,38.7,28.4
796,Credicorp,Peru,3.6,0.8,41,12.7
1601,Buenaventura,Peru,1.5,0.7,4.5,6.3
694,San Miguel,The Philippines,16.6,0.7,25.1,7
915,SM Investments,The Philippines,5.3,0.6,13.6,16.6
1060,PLDT,The Philippines,4,0.9,9.9,15.1
1142,BPI,The Philippines,1.4,0.4,23.9,9.1
1308,Manila Electric,The Philippines,6.8,0.4,5.3,9.2
1642,Aboitiz Equity Ventures,The Philippines,1.6,0.5,4.6,7.8
1666,Metropolitan Bank & Trust,The Philippines,1.5,0.3,21.7,6
1784,Ayala,The Philippines,2.5,0.3,11.9,8.2
580,PKO Bank Polski,Poland,5.7,1.2,62.3,13.8
651,PKN Orlen,Poland,38.8,0.8,16.9,7.4
681,PGE,Poland,9.4,1,18.8,10.5
766,Grupa PZU,Poland,6.3,1,18.1,11.3
785,KGHM Polska Miedz,Poland,8.7,1.6,10.7,10.7
786,Pgnig Group,Poland,8.8,0.7,15.5,11
1480,Tauron Group,Poland,7.6,0.5,10.1,2.5
1826,Grupa Lotos,Poland,10.2,0.3,6.5,1.8
376,EDP-Energias de Portugal,Portugal,21.6,1.3,55.2,11.5
645,Galp Energia,Portugal,24.4,0.5,18,13.1
940,Jeronimo Martins,Portugal,14,0.5,5.9,12.8
1201,Portugal Telecom,Portugal,8.5,0.3,26.5,4.7
1270,Banco Comercial Portugu¨ºs,Portugal,6.3,-1.6,116,2.8
1444,Banco BPI,Portugal,2.2,0.3,58.8,2
514,Qatar National Bank,Qatar,4,2.3,100.8,25.7
669,Ooredoo Telecom,Qatar,9.3,0.8,25.9,10
737,Industries Qatar,Qatar,5.1,2.3,11,26.5
1384,Commercial Bank of Qatar,Qatar,1.1,0.6,22,4.5
1527,Masraf Al Rayan,Qatar,0.7,0.4,16.9,5.1
1645,Qatar Islamic Bank,Qatar,0.9,0.3,20.1,4.6
1705,Ezdan Holding Group,Qatar,0.2,0.1,10.7,11.7
1865,Doha Bank,Qatar,0.8,0.4,15.2,2.8
17,Gazprom,Russia,144,40.6,339.3,111.4
59,Rosneft,Russia,68.8,11.2,126.3,73.2
61,Sberbank,Russia,36.1,10.8,441.1,73.3
64,Lukoil,Russia,116.3,11,99,55.4
159,TNK-BP Holding,Russia,43.3,7.6,43.3,33
187,Surgutneftegas,Russia,23.4,7.2,51.4,33.7
233,VTB Bank,Russia,16.1,2.8,210,18.9
385,Norilsk Nickel,Russia,12.8,3.3,18.8,32.9
484,Tatneft,Russia,13,2.1,19.5,14.8
547,Transneft,Russia,20.8,5.8,57.8,3.6
578,Novatek,Russia,6.9,2.3,15.1,31.3
647,Rostelecom,Russia,10.4,1.1,17.7,11.3
657,Inter Rao,Russia,18.3,1.2,16.6,7.2
696,MegaFon,Russia,8.8,1.2,11.5,17.6
706,RusHydro,Russia,11.3,1,25.3,6.9
713,Novolipetsk Steel,Russia,12.2,0.6,18.5,10.7
725,Severstal,Russia,14.1,0.8,15.7,8.7
759,Magnit,Russia,14.4,0.8,5.5,18.8
790,Sistema,Russia,30,0.2,43.7,8.1
797,IDGC Holding,Russia,19.7,0.7,27.3,2.6
821,Federal Grid of UES,Russia,4.3,1.5,36.2,7.2
884,Uralkali,Russia,3.2,1.1,12.7,22.8
978,Mechel,Russia,11.4,0.7,19.3,2.2
1022,UC Rusal,Russia,11,-0.1,25.5,8.1
1168,Alrosa,Russia,4.7,0.9,10,7.7
1475,Nomos Bank,Russia,2.7,0.4,29.4,2.6
1509,X5 Retail Group,Russia,15.8,-0.1,9.6,5
1596,Magnitogorsk Iron & Steel,Russia,8.5,-0.1,16.2,3.3
1761,PhosAgro,Russia,3.1,0.6,3.4,5.5
1974,Aeroflot-Russian Airlines,Russia,4.9,0.5,5.2,1.9
94,Saudi Basic Industries,Saudi Arabia,50.4,6.6,90.2,74.8
359,Saudi Telecom,Saudi Arabia,15.8,1.9,31.3,21.7
529,Saudi Electricity,Saudi Arabia,9,0.7,63.6,15.3
539,Al Rajhi Bank,Saudi Arabia,4,2.1,71.3,26
747,Samba Financial Group,Saudi Arabia,2,1.2,53.1,10.8
792,Mobily,Saudi Arabia,6.3,1.6,10.3,16.3
813,Riyad Bank,Saudi Arabia,2.1,0.9,50.7,9.1
854,Saudi British Bank,Saudi Arabia,1.6,0.9,41.8,8.9
926,Banque Saudi Fransi,Saudi Arabia,1.6,0.8,42.1,7.4
1065,Arab National Bank,Saudi Arabia,1.5,0.6,36.4,6.2
1145,Saudi Arabian Fertilizers,Saudi Arabia,1.3,1,2.7,13.8
1448,Petro Rabigh,Saudi Arabia,16.5,0.1,12.7,4
1461,Tasnee,Saudi Arabia,4.8,0.5,12.2,5.3
1494,Kingdom Holding,Saudi Arabia,0.8,0.2,11.2,19
1546,Saudi Arabian Mining,Saudi Arabia,1.5,0.3,14.7,8.1
1793,Saudi Hollandi Bank,Saudi Arabia,0.7,0.3,18.3,3
1858,Almarai,Saudi Arabia,2.6,0.4,5.2,7.1
274,DBS Group,Singapore,8.8,3.1,288.9,30.7
295,Singtel,Singapore,15,3.2,31.4,45.7
298,Oversea-Chinese Banking,Singapore,8.3,3.3,242.2,29
313,Wilmar International,Singapore,46.3,1.3,41.7,17
345,United Overseas Bank,Singapore,7.2,2.3,207,25.1
469,Keppel Corp,Singapore,11.4,1.8,23.9,17
857,CapitaLand,Singapore,2.7,0.8,30.9,11.6
972,Singapore Airlines,Singapore,11.8,0.3,17.5,10
1035,SembCorp Industries,Singapore,8.3,0.6,10.5,7.4
1091,Flextronics International,Singapore,24.7,0.4,11.2,4.5
1185,Global Logistic Properties,Singapore,0.6,0.5,13.6,9.8
1284,Golden Agri-Resources,Singapore,6.1,0.4,13.3,6.1
1300,City Developments,Singapore,2.7,0.6,12.8,7.8
1325,ST Engineering,Singapore,5.2,0.5,6.5,10.4
1448,Olam International,Singapore,13.5,0.3,10.9,3.1
1483,Avago Technologies,Singapore,2.4,0.6,2.9,8.8
1495,Hutchinson Port Holdings,Singapore,1.6,0.3,17.4,7.3
1821,China Aviation Oil,Singapore,14.8,0.1,1.6,0.6
1889,CapitaMall Trust,Singapore,0.5,0.4,8.1,5.8
1996,UOL Group,Singapore,0.9,0.7,7.8,4.2
231,Standard Bank Group,South Africa,21,1.9,182,19.9
320,Sasol,South Africa,20.8,2.9,24.7,29.4
345,MTN Group,South Africa,16.5,2.5,21.4,34.5
397,FirstRand,South Africa,8.4,1.6,94.1,18
574,Sanlam,South Africa,10.8,0.7,52.3,10.7
936,AngloGold Ashanti,South Africa,6.1,0.8,12.6,9.5
966,Steinhoff International,South Africa,9.9,0.7,16.2,5
987,Bidvest Group,South Africa,16.4,0.5,6.8,8.1
1053,Naspers,South Africa,5.1,0.4,10.5,27.7
1151,Shoprite Holdings,South Africa,10.1,0.4,3.7,10.2
1239,Remgro,South Africa,1.7,1.1,7.1,9.9
1356,MMI Holdings,South Africa,6.2,0.3,36.8,4
1429,Exxaro Resources,South Africa,1.5,1.2,4.9,6.4
1431,Impala Platinum Holdings,South Africa,3.4,0.5,8.9,9.3
1435,Gold Fields,South Africa,3.4,0.7,11.2,5.9
1658,Imperial Holdings,South Africa,9.9,0.4,5.5,4.2
1711,Aspen Pharmacare Holdings,South Africa,1.9,0.4,3.8,9.7
1716,RMB Holdings,South Africa,0.6,0.6,3.3,6.1
1948,Assore,South Africa,1.6,0.5,2.1,5.2
20,Samsung Electronics,South Korea,187.8,21.7,196.3,174.4
89,Hyundai Motor,South Korea,75,7.6,114.3,41.5
184,Posco,South Korea,56.5,2.2,74.5,22.9
251,Shinhan Financial Group,South Korea,16.3,2.1,277.5,17.2
268,Kia Motors,South Korea,42,3.4,30.5,19.8
278,Hyundai Mobis,South Korea,28.9,3.3,28.1,26.4
327,KB Financial Group,South Korea,15.6,1.5,265.1,13.2
330,Samsung Life Insurance,South Korea,19.1,0.8,142.2,17.7
366,SK Innovation,South Korea,65.1,1.1,31.8,13.7
379,Hyundai Heavy Industries,South Korea,48.8,0.9,46.3,11.6
383,Woori Finance Holdings,South Korea,15.2,1.4,306.2,9
405,SK Holdings,South Korea,106.3,0.9,85.2,7
431,Hana Financial Group,South Korea,12.5,1.5,263.9,8.5
470,Lotte Shopping,South Korea,22.2,1,34.6,10.3
482,LG Chem,South Korea,21.9,1.4,15.4,16.2
548,Korea Electric Power,South Korea,43.9,-2.8,129.3,17.4
550,KT Corp,South Korea,21.1,0.9,32.4,8.1
555,SK Telecom,South Korea,14.5,1,24.1,11.5
593,Industrial Bank of Korea,South Korea,9.3,1,185.9,6.4
612,Samsung Fire & Marine,South Korea,14.7,0.7,34.5,8.2
695,Samsung C&T,South Korea,23.8,0.4,24.2,8.5
730,LG Electronics,South Korea,45.3,0.1,29.6,11.6
762,S-Oil,South Korea,30.8,0.5,11.7,9.4
773,Hyundai Steel,South Korea,13.3,0.7,21.4,6.3
781,LG Corp,South Korea,8.7,0.8,15.1,10.2
795,Samsung Heavy Industries,South Korea,12.9,0.7,15.6,7.5
824,LG Display,South Korea,26.1,0.2,23,10.4
828,Hanwha Life Insurance,South Korea,9.4,0.5,61,5.3
858,Korea Gas,South Korea,31.1,0.3,34.3,4.7
951,SK Hynix,South Korea,9.6,-0.1,17.1,18
1026,Hyundai Engineering,South Korea,11.8,0.5,12,6.4
1197,Samsung SDI,South Korea,5.1,1.3,10.2,5.5
1203,GS Holdings,South Korea,8.7,0.4,12,5.4
1219,E-mart,South Korea,11.3,0.4,11.5,5.4
1234,Hyundai Glovis,South Korea,10.4,0.4,4,6.7
1276,Lotte Chemical,South Korea,14.1,0.3,9.8,6.5
1278,CJ Corp,South Korea,15.7,0.2,20.1,3.6
1352,DSME,South Korea,12.5,0.2,15.2,5
1354,Hyundai Marine & Fire,South Korea,8.1,0.4,16,2.3
1373,Korean Air,South Korea,11.3,0.2,21.6,2.6
1374,Dongbu Insurance,South Korea,8.2,0.3,15.6,2.5
1376,Samsung Engineering,South Korea,10.8,0.5,5.3,4.7
1442,KT&G,South Korea,3.7,0.7,6.3,8.4
1444,Hanwha Corp,South Korea,10.2,0.3,14.9,2.1
1471,Samsung Electro-Mechanic,South Korea,7,0.4,6.5,6.4
1477,NHN,South Korea,2.1,0.5,2.8,10.4
1479,Daelim Industrial,South Korea,9.6,0.4,10.2,2.8
1491,SK Networks,South Korea,24.8,0,10,1.7
1508,Samsung Card,South Korea,3.3,0.7,15.3,4.1
1533,BS Financial Group,South Korea,2.1,0.3,38.6,2.8
1586,Hyosung,South Korea,11.2,0.1,12.9,1.6
1622,Doosan Infracore,South Korea,7.2,0.4,10.5,2.3
1660,Korea Zinc,South Korea,4.9,0.5,4.6,5.7
1683,STX Offshore,South Korea,10,0.1,12.1,0.5
1725,LIG Insurance,South Korea,8,0.2,13.9,1.1
1742,Doosan Heavy Industries,South Korea,8.6,0,12.6,3.5
1786,CJ Cheiljedang,South Korea,8.8,0.2,11.6,4
1801,Hanjin Shipping,South Korea,10,-0.6,10.3,1.3
1810,LG Uplus,South Korea,10.2,-0.1,9.9,3.5
1829,DGB Financial Group,South Korea,1.7,0.2,32.2,2
1840,LS Corp,South Korea,10.6,0.2,9.5,2.6
1881,GS Engineering,South Korea,8.3,0.1,10.8,2.3
1942,Hyundai Wia,South Korea,6.2,0.4,4.3,4
1992,LG International,South Korea,11.4,0.2,4.7,1.4
43,Banco Santander,Spain,108.8,2.9,1647.8,82.1
62,Telef¨®nica,Spain,82.3,5.2,161.5,67.1
91,BBVA-Banco Bilbao Vizcaya,Spain,52.1,2.2,840.8,54.7
124,Iberdrola,Spain,45.1,3.7,121.7,33.6
141,Repsol YPF,Spain,77.7,2.7,81.2,28.8
239,Gas Natural Fenosa,Spain,32.9,1.9,60.4,20.4
321,Inditex,Spain,20.6,3,17.5,83.3
399,Mapfre,Spain,27.1,0.9,69.2,10.7
532,CaixaBank,Spain,16.3,0.3,450.1,16.8
596,Ferrovial,Spain,10.1,0.9,27.2,11.9
628,Abertis,Spain,5.2,1.4,37.2,14.3
750,Grupo ACS,Spain,50.7,-2.5,51.5,7.7
877,Banco Popular Espaol,Spain,9.1,-3.2,203.2,7.8
944,Banco de Sabadell,Spain,8.5,0.1,213,6.6
1015,Bankia,Spain,12.2,-24.5,372.6,0.7
1153,OHL Group,Spain,5.3,1.3,15.2,3.5
1233,FCC,Spain,14.7,-1.1,25.1,1.3
1295,Red El¨¦ctrica,Spain,2.3,0.6,12,7.5
1330,Amadeus IT Holdings,Spain,3.8,0.7,6.8,11.9
1351,Abengoa,Spain,10.3,0.2,25.5,1.5
1360,Acciona,Spain,9.3,0.2,24.9,3.6
1581,Enagas,Spain,1.6,0.5,10.6,5.8
1618,Banco de Valencia,Spain,1.2,-4.7,28.3,6
1623,Grifols,Spain,3.5,0.3,7.4,12.1
1629,Bankinter,Spain,3.7,0.2,76.5,3.3
1721,Bolsas & Mercados,Spain,0.4,0.2,48.2,2.2
1728,DIA,Spain,13.4,0.2,4.4,4.9
1934,Sacyr Vallerhermoso,Spain,4.6,-1.3,19.7,0.9
118,Nordea Bank,Sweden,23.2,4.2,892.6,47.1
210,Volvo Group,Sweden,46.7,1.7,50.4,31.9
243,SEB,Sweden,14.4,1.8,376.8,23.5
247,Svenska Handelsbanken,Sweden,11.5,2.2,367,28.2
265,Swedbank,Sweden,10.9,2.2,283.8,27.4
286,TeliaSonera,Sweden,16.1,3.1,38.1,31
292,Ericsson,Sweden,35,0.9,40.4,44.1
481,Atlas Copco,Sweden,13.4,2.1,12.5,35.2
486,H&M,Sweden,18.1,2.5,8.8,59.8
505,Sandvik,Sweden,15.2,1.2,16,20.5
585,SCA,Sweden,13.1,0.7,20.2,17.3
602,Investor,Sweden,3.5,3.7,35.3,22.9
832,Skanska,Sweden,19.9,0.4,13.4,8
881,SKF Group,Sweden,9.9,0.7,9.1,11.7
892,Assa Abloy,Sweden,7.2,0.8,9.2,14.9
943,Electrolux Group,Sweden,16.9,0.4,11.2,8.1
1157,Industrivarden,Sweden,0.4,1.7,10.5,7.2
1294,Autoliv,Sweden,8.3,0.5,6.6,6.6
1319,Tele2,Sweden,6.7,0.5,6.9,7.4
1395,Alfa Laval,Sweden,4.6,0.5,5.1,9.9
1521,Hexagon,Sweden,3.2,0.5,7,9.8
1522,Lundbergs,Sweden,3.3,0.5,13.9,5.2
1648,Boliden,Sweden,6.2,0.5,6.1,4.6
1830,Getinge,Sweden,3.7,0.4,6.5,7.3
1862,Swedish Match,Sweden,1.8,0.4,2.2,6.3
1911,NCC Group,Sweden,8.8,0.3,5.9,2.9
32,Nestl¨¦,Switzerland,100.6,11.6,134.7,233.5
57,Novartis,Switzerland,56.7,9.5,124.2,169.3
75,Zurich Insurance Group,Switzerland,70.4,3.9,409.3,41.8
93,Roche Holding,Switzerland,49.7,10.4,65.5,198.9
127,Swiss Re,Switzerland,33.6,4.3,215.8,30.9
132,Credit Suisse Group,Switzerland,42.5,1.6,1009.6,37.1
157,Glencore International,Switzerland,214.4,1,105.5,41.7
158,ABB,Switzerland,40.1,2.8,48.8,53.4
202,Xstrata,Switzerland,32.3,1.2,83.1,52.1
213,ACE,Switzerland,17.9,2.7,92.5,29.9
367,Holcim,Switzerland,23.5,0.7,44.8,26.9
393,Syngenta,Switzerland,14.5,1.9,18.3,40.1
409,UBS,Switzerland,47.7,-2.7,1366.8,61.9
434,Swisscom,Switzerland,12.4,1.9,21.5,24
447,Richemont,Switzerland,11.9,2.1,15.1,48.9
533,TE Connectivity,Switzerland,13.2,1.1,18.1,17.6
598,Swatch Group,Switzerland,8.5,1.7,12,32.1
732,Adecco,Switzerland,26.4,0.5,12.7,10.9
815,Kuehne + Nagel,Switzerland,22.7,0.5,6.9,13.5
817,Transocean,Switzerland,9.2,-0.2,34.3,19.3
836,Bloise Group,Switzerland,10.3,0.5,80.3,4.5
842,Schindler Holding,Switzerland,8.9,0.8,8.3,17.5
856,Swiss Life Holding,Switzerland,20.4,0.1,178.7,5.1
931,Weatherford International,Switzerland,15.2,-0.8,22.8,9.4
947,Tyco International,Switzerland,10.5,0.3,12.1,14.7
980,Wolseley,Switzerland,21,0.1,10.9,13.7
1010,SGS,Switzerland,6.1,0.6,5.2,19.6
1048,Helvetia Holding,Switzerland,8.7,0.4,46.4,3.6
1077,Julius Baer Group,Switzerland,2.2,0.3,59.9,8.8
1171,Noble,Switzerland,3.5,0.5,14.6,9.6
1353,Givaudan,Switzerland,4.6,0.4,6.9,11.9
1377,BCV Group,Switzerland,1.4,0.3,43.5,4.8
1408,Alpiq Holding,Switzerland,13.6,-1.1,16.2,3.3
1525,STMicroelectronics,Switzerland,8.7,-1.2,10,6.8
1575,Pentair,Switzerland,4.4,-0.1,11.8,10.9
1602,Geberit,Switzerland,2,0.4,2.2,9.4
1675,Garmin,Switzerland,2.7,0.5,4.8,6.8
1714,Basler Kantonalbank,Switzerland,1,0.2,42.7,3
1780,Allied World Assurance,Switzerland,2.2,0.5,12,3.1
1805,DKSH Holding,Switzerland,9.4,0.2,3.7,5.6
1894,Luzerner Kantonalbank,Switzerland,0.7,0.2,30.6,3.2
1899,St Galler Kantonalbank,Switzerland,0.8,0.2,30.2,2.4
1910,Lindt & Sprungli,Switzerland,2.8,0.3,2.9,9.3
1922,BEKB-BCBE,Switzerland,0.7,0.1,28.8,2.5
1931,Sika,Switzerland,5.2,0.3,4.7,6.2
1937,Valiant Holding,Switzerland,0.7,0.1,27.6,1.4
1979,EFG International,Switzerland,1.3,0.1,25.8,2.1
1999,Sulzer Group,Switzerland,4.4,0.3,4.9,6.1
113,Hon Hai Precision,Taiwan,132.1,10.7,65.8,32.1
227,Taiwan Semiconductor,Taiwan,17.4,5.7,32.7,89.9
444,Fubon Financial,Taiwan,9.4,1,119.3,13.7
567,Quanta Computer,Taiwan,34.4,0.8,24.6,8.5
610,Cathay Financial,Taiwan,9.2,0.4,165.3,14.3
618,Chunghwa Telecom,Taiwan,7.4,1.4,15.2,24.3
764,Formosa Petrochemical,Taiwan,30.2,0.1,15.4,26.5
827,Mega Financial Holding,Taiwan,2,0.6,86.4,9.7
867,Asustek Computer,Taiwan,15.2,0.8,8.7,8.8
896,Chinatrust Financial,Taiwan,2.4,0.6,66.7,8.2
903,Formosa Plastics,Taiwan,7.4,0.5,11.8,15.3
904,Uni-President,Taiwan,14.5,0.4,11.6,9.5
907,China Steel,Taiwan,12.1,0.2,21.3,13.7
937,Formosa Chemicals,Taiwan,13.2,0.2,16,14.1
1001,Nan Ya Plastics,Taiwan,10.2,0.1,16.3,13.9
1128,Innolux,Taiwan,16.3,-0.1,20.6,5.4
1176,Shin Kong Financial,Taiwan,9.2,0.2,70,2.7
1182,HTC,Taiwan,9.8,0.6,7.1,6.6
1231,Delta Electronics,Taiwan,5.8,0.5,6.3,9.8
1306,MediaTek,Taiwan,3.4,0.5,7.2,15.4
1324,Pegatron,Taiwan,29.8,0.2,13.5,3.3
1349,Yuanta Financial Holding,Taiwan,1.2,0.4,25.3,5.1
1379,AU Optronics,Taiwan,13,-1.9,18.2,3.8
1383,Far Eastern New Century,Taiwan,7.8,0.4,10.9,5.4
1391,Hua Nan Financial,Taiwan,1.6,0.3,65.2,5
1403,Taishin Financial Holdings,Taiwan,2.4,0.3,86.2,2.8
1406,Taiwan Mobile,Taiwan,3.4,0.5,3.2,12
1431,Advanced Semiconductor,Taiwan,6.6,0.4,8.3,6.3
1438,First Financial Holdings,Taiwan,1.5,0.3,68.7,5.1
1462,TPK Holding,Taiwan,5.9,0.5,3.4,6.7
1477,SinoPac Financial,Taiwan,1.3,0.3,46.7,3.5
1503,Chang Hwa Bank,Taiwan,1.2,0.3,52.3,4.3
1506,Taiwan Cooperative Financial,Taiwan,1.9,0.2,91,4.5
1523,Compal Electronics,Taiwan,23.1,0.2,9.8,3
1555,Wistron,Taiwan,22.2,0.2,9.4,2.5
1758,Taiwan Business Bank,Taiwan,0.9,0.1,41.8,1.6
1795,E.Sun Financial,Taiwan,0.9,0.1,38.2,2.9
1822,Acer,Taiwan,14.8,-0.1,7.8,2.5
1854,Far EasTone Telecom,Taiwan,3,0.4,3.4,7.6
1866,Inventec,Taiwan,13.9,0.1,6.9,1.3
144,PTT PCL,Thailand,89.9,3.4,53.3,32.9
477,Siam Commercial Bank,Thailand,6,1.3,74.2,21.5
524,Kasikornbank,Thailand,6,1.2,67.8,17.5
607,PTT Global Chemical,Thailand,18.5,1.1,14.2,11.3
633,Siam Cement,Thailand,13.3,0.8,12.8,20.3
640,Bangkok Bank,Thailand,4.3,1.1,79.1,15.1
735,Krung Thai Bank,Thailand,4.1,0.8,73.7,12.4
914,Charoen Pokphand Foods,Thailand,11.7,0.6,10.1,9
964,Advanced Info Service,Thailand,4.6,1.1,3.1,23.2
1080,Thai Beverage,Thailand,5.2,0.9,6.8,12.3
1086,Bank of Ayudhya,Thailand,2.8,0.5,34.8,7.2
1257,CP All,Thailand,6.2,0.4,2.3,13.9
1368,Thai Oil,Thailand,14.6,0.4,5.6,4.7
1604,InTouch,Thailand,0.3,0.5,1.5,8.6
1833,Total Access Communication,Thailand,2.9,0.4,3.3,7.7
1853,Thanachart Capital,Thailand,2.4,0.2,33.5,2
307,Ko Holding,Turkey,47.1,1.3,61.1,13.6
333,Isbank,Turkey,12.4,1.9,112.7,16.8
341,Garanti Bank,Turkey,9.8,1.9,99.2,22
382,Akbank,Turkey,8.2,1.7,91.6,20.6
388,Sabanci Holding,Turkey,14.6,1,98.3,12.7
543,Halkbank,Turkey,6.2,1.5,61,13.3
711,VakifBank,Turkey,6.3,0.8,60.6,7.9
802,Turk Telekom,Turkey,7.1,1.5,9.5,15
843,Turkcell,Turkey,5.9,1.2,10.5,14.8
1210,Turkish Airlines,Turkey,8.3,0.6,10.5,4.8
1245,Enka,Turkey,5.7,0.6,8.2,8.3
1788,Anadolu Efes,Turkey,3.6,0.3,6.5,9
1972,BIM Birlelik Magazalar,Turkey,5.5,0.2,1.2,7.5
1977,Ford Otosan,Turkey,5.5,0.4,2.6,4.5
497,Etisalat,UAE,9,1.8,21.8,21.8
691,National Bank of Abu Dhabi,UAE,3.1,1.1,81.8,12.4
765,First Gulf Bank,UAE,2.6,1.1,47.7,11.1
981,Emirates NBD,UAE,3.8,0.6,83.9,5.8
985,DP World,UAE,3.1,0.7,16.4,12
1005,Abu Dhabi Commercial Bank,UAE,2.6,0.7,49.2,6.1
1110,Emaar Properties,UAE,2.4,0.6,16.6,9.2
1401,TAQA,UAE,7.5,0.2,33.3,2.2
1550,Union National Bank,UAE,1.2,0.4,23.7,2.7
1687,Mashreq Bank,UAE,1.5,0.4,20.8,2.2
1694,Dubai Islamic Bank,UAE,1.3,0.3,26,2.2
1701,Abu Dhabi Islamic Bank,UAE,1,0.3,23.3,2.4
1786,Emirates Integrated Telecom,UAE,2.7,0.5,3.8,5.8
1902,Dragon Oil,UAE,1.2,0.6,3.8,4.8
6,HSBC Holdings,UK,104.9,14.3,2684.1,201.3
18,BP,UK,370.9,11.6,301,130.4
33,Vodafone,UK,74.4,11.1,219.9,135.7
65,Prudential,UK,90.2,3.6,489.4,44.7
98,Standard Chartered,UK,26.9,4.9,636.5,64.4
105,Tesco,UK,102.8,4.5,81.1,46.9
112,GlaxoSmithKline,UK,43,7.4,63.5,111.1
149,AstraZeneca,UK,28.6,6.4,52.5,58
159,British American Tobacco,UK,24.1,6.1,44.2,102
163,BG Group,UK,19.3,4.6,64.4,60.6
179,National Grid,UK,21.7,3.3,75.6,40.7
188,SABMiller,UK,16.7,4.3,55,84.1
208,Legal & General Group,UK,56.9,1.3,562.9,15.5
221,BT Group,UK,30.9,3.2,37.3,32.5
224,Old Mutual,UK,32.2,1.9,230.4,15.5
242,Diageo,UK,16.9,3,34.5,76.4
245,Centrica,UK,38.9,2.1,35.4,27.7
287,Standard Life,UK,31.2,1.1,283,13.5
291,Rolls-Royce Holding,UK,19.8,3.7,28.9,30.7
296,Imperial Tobacco Group,UK,23.7,1.1,44.4,35.2
319,Reckitt Benckiser Group,UK,15.6,3,24.4,51.2
325,BAE Systems,UK,26.3,1.7,36.2,18.8
355,WPP,UK,16.9,1.3,40.3,20.7
390,Lloyds Banking Group,UK,75.6,-2.3,1495.9,53.8
400,Barclays,UK,55.7,-1.7,2422.5,62.3
420,Royal Bank of Scotland,UK,42.1,-9.4,2133.1,52
435,Rio Tinto,UK,51,-3,117.6,98.5
471,Compass Group,UK,27.3,1,14.4,23.1
473,Aon,UK,11.5,1,30.5,18.7
493,Associated British Foods,UK,19.8,0.9,16.2,22.7
502,Reed Elsevier,UK,9.9,1.7,17.9,25.6
520,J Sainsbury,UK,35.7,1,19.7,10.4
520,Aviva,UK,69,-5.1,512.7,14.5
522,Anglo American,UK,29.4,-1.5,78.1,39.9
539,SSE,UK,50.8,0.3,31.1,21.2
576,Wim Morrison Supermarkets,UK,28.8,1,16.6,9.5
642,Ensco,UK,6.8,1.8,18.5,14.1
643,Kingfisher,UK,16.8,0.9,15.6,10.3
679,Delphi Automotive,UK,15.5,1.1,10.2,13.6
700,British Sky Broadcasting,UK,10.7,1.4,8.6,21.6
731,RSA Insurance Group,UK,14.4,0.6,33.4,6.3
753,Pearson,UK,8.2,0.5,18.1,14.9
756,Antofagasta,UK,6.7,1,12.9,16.1
759,Marks & Spencer,UK,15.9,0.8,11.6,9.1
900,London Stock Exchange,UK,1.1,0.8,163.6,5.7
912,International Airlines,UK,23.9,-1.2,25.6,7.6
923,Evraz Group,UK,16.4,0.5,17,5.4
924,Investec,UK,5.8,0.4,82.1,6.5
979,GKN,UK,10.6,0.8,9.7,6.8
999,Land Securities Group,UK,1.1,0.8,17.3,9.8
1006,Johnson Matthey,UK,19.3,0.5,5.2,7.5
1013,Subsea 7,UK,6.3,0.8,10.5,8.3
1076,Vedanta Resources,UK,14,0.1,45.4,4.7
1098,Schroders,UK,2.3,0.4,23.8,9.2
1120,Next,UK,5.6,0.8,3,10
1133,Tullow Oil,UK,2.4,0.6,9.4,17.2
1202,Petrofac,UK,6.5,0.6,5.3,8.1
1206,British Land,UK,0.6,0.8,13,7.5
1277,United Utilities,UK,2.5,0.5,16,7.1
1283,Smith & Nephew,UK,4.2,0.7,5.5,10.2
1293,Polyus Gold International,UK,2.8,0.9,5.6,9.8
1318,Essar Energy,UK,16.7,-0.6,17.4,2.9
1350,Eurasian Natural Resources,UK,6.3,-0.8,20.2,6.8
1414,Rexam,UK,7,0.3,9.9,6.3
1451,Direct Line Insurance,UK,6.1,0.3,18.8,4.7
1464,Capita,UK,5.4,0.4,6.3,8.7
1487,Mondi,UK,7.7,0.3,8.7,6.4
1489,Bunzl,UK,8.7,0.3,4.8,6.5
1498,G4S,UK,11.9,0.1,9.1,6.4
1517,EasyJet,UK,6.2,0.4,6.9,6.4
1526,Travis Perkins,UK,7.9,0.4,7.1,5
1540,InterContinental Hotels,UK,1.9,0.6,3.1,8.1
1551,Weir Group,UK,4.1,0.5,5.3,7.9
1554,ICAP,UK,2.7,0.2,129.9,3.2
1571,Burberry Group,UK,3,0.4,2.4,9.7
1602,Smiths Group,UK,4.7,0.4,5.3,7.8
1636,ARM Holdings,UK,0.9,0.3,2.3,19.6
1647,Serco Group,UK,7.8,0.4,5.3,4.7
1654,Tate & Lyle,UK,4.9,0.5,4.6,5.8
1664,Aggreko,UK,2.6,0.4,3.4,8
1671,FirstGroup,UK,10.7,0.3,8.4,1.5
1680,Balfour Beauty,UK,15.4,0.1,9.2,2.9
1683,Thomas Cook Group,UK,15.3,-0.9,9.2,1.6
1704,ITV,UK,3.6,0.4,4.4,7.8
1726,Carphone Warehouse,UK,0,1.2,1.2,1.4
1778,Whitbread,UK,2.8,0.4,4.7,7
1779,AMEC,UK,6.8,0.4,4,4.8
1812,Vesuvius,UK,2.5,0.9,3,1.7
1813,Sage Group,UK,2.2,0.5,4,6.1
1843,Inchcape,UK,9.6,0.3,5.5,3.6
1854,Willis Group Holdings,UK,3.5,-0.4,15.1,6.6
1892,Dixons Retail,UK,13.3,-0.3,4.7,1.9
1941,Severn Trent,UK,2.8,0.3,12.3,5.9
1942,Aberdeen Asset Management,UK,1.4,0.3,6.5,7.5
1987,IMI,UK,3.5,0.4,2.8,6.6
3,JPMorgan Chase,USA,108.2,21.3,2359.1,191.4
4,General Electric,USA,147.4,13.6,685.3,243.7
5,Exxon Mobil,USA,420.7,44.9,333.8,400.4
9,Berkshire Hathaway,USA,162.5,14.8,427.5,252.8
12,Wells Fargo,USA,91.2,18.9,1423,201.3
13,Chevron,USA,222.6,26.2,233,232.5
15,Wal-Mart Stores,USA,469.2,17,203.1,242.5
15,Apple,USA,164.7,41.7,196.1,416.6
19,Citigroup,USA,90.7,7.5,1864.7,143.6
24,AT&T,USA,127.4,7.3,272.3,200.1
28,Bank of America,USA,100.1,4.2,2210,135.5
34,IBM,USA,104.5,16.6,119.2,239.5
35,Proctor & Gamble,USA,83.3,12.9,139.9,208.5
37,Pfizer,USA,59,14.6,185.8,201.4
41,Microsoft,USA,72.9,15.5,128.7,234.8
46,Johnson & Johnson,USA,67.2,10.9,121.3,221.4
49,Goldman Sachs Group,USA,41.7,7.5,938.6,74.5
53,Ford Motor,USA,134.3,5.7,190.6,51.8
56,Comcast,USA,62.6,6.2,165,106.3
62,American International Group,USA,65.7,3.4,548.6,57.5
68,Google,USA,50.2,10.7,93.8,268.4
70,General Motors,USA,152.3,6.2,149.4,38.5
73,ConocoPhillips,USA,58.4,8.4,117.1,72.1
77,Intel,USA,53.3,11,84.4,105.7
79,Coca-Cola,USA,48,9,86.2,173.1
80,Cisco Systems,USA,47.3,9.3,95.4,116.9
82,Merck & Co,USA,47.3,6.2,106.1,133.3
88,PepsiCo,USA,65.5,6.2,74.6,118.9
90,UnitedHealth Group,USA,110.6,5.5,80.9,56.1
92,United Technologies,USA,57.7,5.1,89.4,85.5
96,Boeing,USA,81.7,3.9,88.9,65.4
97,Caterpillar,USA,65.9,5.7,89.4,58.2
102,Oracle,USA,37.1,10.6,79.4,172
104,CVS Caremark,USA,123.1,3.9,65.9,66
108,Walt Disney,USA,42.8,5.6,80.6,104
108,American Express,USA,33.8,4.5,153.1,73
116,US Bancorp,USA,22.2,5.6,353.9,63.8
122,MetLife,USA,68.2,1.3,836.8,44
123,Abbott Laboratories,USA,39.9,6,67.2,53.6
129,Home Depot,USA,74.8,4.5,41.1,103.3
130,Phillips 66,USA,166.1,4.1,48.1,39.9
134,Verizon Communications,USA,115.8,0.9,225.2,137.3
137,News Corp,USA,34.3,4,62.7,70.6
140,Capital One Financial,USA,23.8,3.5,312.9,32.1
147,Target,USA,73.3,3,48.2,43.1
151,Occidental Petroleum,USA,24.3,4.6,64.2,67.4
152,Philip Morris International,USA,31.4,8.8,37.7,150.6
153,Time Warner,USA,28.7,3,68.3,53
164,Qualcomm,USA,20.5,6.6,44.8,111.6
165,PNC Financial Services,USA,16.6,3,305.1,35.3
166,Deere & Co,USA,36.8,3.2,55.2,35.9
170,Express Scripts,USA,93.9,1.3,58.1,48.9
171,EI du Pont de Nemours,USA,35.3,2.8,49.7,46.6
174,Travelers Cos,USA,25.7,2.5,104.9,31.1
175,Honeywell International,USA,37.7,2.9,41.9,57.6
180,McDonald's,USA,27.6,5.5,35.4,99.9
182,Mondelez International,USA,35,1.6,75.5,50.5
183,Allstate,USA,33.3,2.3,126.9,22.9
186,Aflac,USA,25.4,2.9,131.1,23.9
189,Union Pacific,USA,20.9,3.9,47.2,66.5
192,Amgen,USA,17.3,4.3,54.3,68.7
193,Dow Chemical,USA,56.8,1.2,69.6,40.7
193,3M,USA,29.9,4.4,33.9,73.4
195,Bank of New York Mellon,USA,15.1,2.4,359,33.5
197,Valero Energy,USA,139.2,2.1,44.5,24.4
198,Duke Energy,USA,19.6,1.8,113.9,49.3
201,WellPoint,USA,61.7,2.7,59,19.8
203,Walgreen,USA,70.8,2.1,35.6,40.2
205,Dell,USA,56.9,2.4,47.5,25
209,Lockheed Martin,USA,47.2,2.7,38.7,29.9
211,Costco Wholesale,USA,103.1,2,29.1,44.2
218,Eli Lilly & Co,USA,22.6,4.1,34.4,62.5
223,Lowe's Cos,USA,50.5,2,32.7,43.1
224,Marathon Petroleum,USA,76.5,3.4,27.2,29.1
228,EMC,USA,21.7,2.7,38.1,53.3
229,Southern Co,USA,16.5,2.4,63.1,39.6
232,Altria Group,USA,17.5,4.2,35.3,67.7
236,Hess,USA,37.7,2,43.4,24.8
237,Archer Daniels Midland,USA,90.6,1.4,45.1,21.7
238,McKesson,USA,123.5,1.6,33.4,25.7
246,FedEx,USA,43.9,1.8,31.8,34.3
250,Time Warner Cable,USA,21.4,2.2,49.8,27.3
253,United Parcel Service,USA,54.1,0.8,38.9,81.5
253,Apache,USA,17.1,2,60.7,29.6
256,BlackRock,USA,9.3,2.5,200.5,44.2
257,AbbVie,USA,18,5.3,27,60.9
258,Medtronic,USA,16.4,3.5,34.9,46
259,Exelon,USA,23.5,1.2,78.6,28.5
261,Halliburton,USA,28.5,2.6,27.4,39
262,Bristol-Myers Squibb,USA,17.6,2,35.9,63.8
267,Anadarko Petroleum,USA,13.4,2.4,52.6,42.7
269,Prudential Financial,USA,84.8,0.5,709.3,28.1
273,Freeport-McMoRan Copper,USA,18,3,35.4,32.1
274,Ebay,USA,14.1,2.6,37.1,65.4
276,Danaher,USA,18.3,2.4,32.9,43.1
282,NextEra Energy,USA,14.3,1.9,64.4,31.6
290,Cigna,USA,29.1,1.6,53.7,17.9
292,State Street,USA,10.1,2.1,222.6,27.4
297,National Oilwell Varco,USA,20,2.5,31.5,30.1
305,Emerson Electric,USA,24.7,2.1,23.8,41.6
310,BB&T,USA,10.7,2,183.9,21.7
312,Aetna,USA,36.6,1.7,41.5,16.7
314,Visa,USA,10.7,2.4,35.9,104.8
323,Johnson Controls,USA,42,1.2,31.2,23.9
336,Kroger,USA,96.8,1.5,24.7,16.3
337,SunTrust Banks,USA,11.2,2,173.4,15.7
339,American Electric,USA,14.9,1.3,54.4,23.3
340,Chubb,USA,13.6,1.5,52.2,22.3
343,NIKE,USA,25.3,2.4,15.6,49.4
344,Monsanto,USA,14,2.3,22.5,55.9
348,Marathon Oil,USA,15.6,1.6,35.3,24.8
351,Raytheon,USA,24.4,1.9,26.7,18.9
352,HCA Holdings,USA,33,1.6,28.1,16.8
353,Kimberly-Clark,USA,21.1,1.8,19.9,36.2
356,Cardinal Health,USA,104.8,1.1,24.6,15.9
360,Kraft Foods Group,USA,18.3,1.6,23.3,29.8
361,Delta Air Lines,USA,36.7,1,44.6,13.6
362,Northrop Grumman,USA,25.2,2,26.5,16.3
363,Fannie Mae,USA,131.9,7.2,3226.2,2.3
364,Illinois Tool Works,USA,17.9,2.9,19.3,28.3
365,General Mills,USA,17.4,1.8,22.8,29.9
369,CenturyLink,USA,18.4,0.8,54,21.5
371,Baxter International,USA,14.2,2.3,20.4,37.9
372,Freddie Mac,USA,80.6,11,1989.9,1.3
375,Baker Hughes,USA,21.4,1.3,26.7,21.2
380,CBS,USA,14.1,1.6,26.5,29.4
381,Viacom,USA,13.2,2.2,21.9,31.3
387,International Paper,USA,27.8,0.8,32.2,20.1
389,PPL,USA,12.3,1.5,43.6,17.8
392,Gilead Sciences,USA,9.7,2.6,21.2,68.4
396,CSX,USA,11.8,1.9,30.6,24.5
398,PG&E,USA,15,0.8,52.4,19.1
401,Automatic Data,USA,10.9,1.4,33.3,31.3
402,Colgate-Palmolive,USA,17.1,2.5,13.4,52.4
408,Texas Instruments,USA,12.8,1.8,20,38.8
409,Ameriprise Financial,USA,10.3,1,134.7,15.1
415,Norfolk Southern,USA,11,1.7,30.3,23.7
418,FirstEnergy,USA,15.3,0.8,50.4,17.6
421,Macy's,USA,27.7,1.3,21,16.2
422,Las Vegas Sands,USA,11.1,1.5,22.2,44.1
425,Thermo Fisher Scientific,USA,12.5,1.2,27.4,27.6
432,Consolidated Edison,USA,12.2,1.1,41.2,17.3
438,Hewlett-Packard,USA,118.7,-12.9,106.7,43.1
441,Lincoln National,USA,11.5,1.3,218.9,9.1
442,Loews,USA,14.6,0.6,80,17.5
443,Morgan Stanley,USA,32,0.1,781,46.6
448,Newmont Mining,USA,9.9,1.8,29.6,19.7
452,Fifth Third Bancorp,USA,7.1,1.6,121.9,14.7
457,Praxair,USA,11.2,1.7,18.1,33.6
458,Xerox,USA,22.4,1.2,30,10.7
466,Humana,USA,39.1,1.2,20,11.1
472,Paccar,USA,17,1.1,18.6,18
476,Kinder Morgan,USA,10,0.4,68.5,41.2
478,TJX Cos,USA,25.9,1.9,9.5,32.8
479,Sysco,USA,43.4,1.1,12.4,19.8
489,Public Service Enterprise,USA,9.8,1.3,31.7,16.8
490,Mosaic,USA,10.1,1.9,17.3,26.7
499,Progressive,USA,17.1,0.9,22.7,15.2
500,Sempra Energy,USA,9.6,0.9,36.5,19.2
501,Corning,USA,8,1.7,29.4,19
510,Cummins,USA,17.3,1.5,12.5,22.3
511,EOG Resources,USA,11.7,0.6,27.3,35.4
512,Omnicom Group,USA,14.2,1,22.2,15.7
519,Liberty Interactive,USA,10.1,1.5,26.3,14.6
525,Amazon.com,USA,61.1,0,32.6,119
528,Principal Financial Group,USA,9.2,0.8,161.9,10
529,Waste Management,USA,13.6,0.8,23.1,17.4
531,Murphy Oil,USA,28.6,1,17.5,11.8
538,Charles Schwab,USA,5,0.9,133.6,22.8
545,PPG Industries,USA,15.2,0.9,15.9,20.2
549,Marsh & McLennan,USA,11.9,1.2,16.3,20.3
551,Kellogg,USA,14.2,1,15.2,22.5
553,Entergy,USA,10.3,0.9,43.2,11.6
556,Simon Property Group,USA,4.9,1.4,32.6,49.5
558,AmerisourceBergen,USA,80.6,0.7,15.5,11.3
560,Xcel Energy,USA,10.1,0.9,31.1,14.2
561,MasterCard,USA,7.4,2.8,12.5,63.8
568,Regions Financial,USA,6,1.1,121.3,11.8
570,Western Digital,USA,15.6,2.1,13.9,12.1
578,Air Products & Chemicals,USA,9.9,1.2,17.4,18.7
582,Precision Castparts,USA,7.9,1.3,16.7,28.5
584,Franklin Resources,USA,7.3,2,14.4,31.9
586,Ecolab,USA,11.8,0.7,17.6,23.5
586,Williams Cos,USA,7.5,0.9,24.3,24.1
589,Dominion Resources,USA,13.1,0.3,46.8,32.7
598,Yum Brands,USA,13.6,1.6,9,31.6
601,Unum Group,USA,10.5,0.9,62.2,7.5
603,Annaly Capital Management,USA,3.3,1.7,133.5,14.8
605,Starbucks,USA,13.7,1.4,8.5,43.2
609,Sprint Nextel,USA,35.3,-4.3,51.6,17.5
611,SLM,USA,6.1,0.9,181.3,9
616,Kohl's,USA,19.3,1,13.9,11.4
616,DISH Network,USA,14.3,0.6,17.4,15.9
620,Stryker,USA,8.7,1.3,13.2,25.1
622,Hartford Financial Services,USA,26.4,0,298.5,11.5
624,Yahoo,USA,5,3.9,17.1,24.3
625,HJ Heinz,USA,11.6,1,11.9,23.2
626,General Dynamics,USA,31.5,-0.3,34.3,24.7
631,Virgin Media,USA,6.7,4.6,17.1,24.3
634,M&T Bank,USA,4.6,1,83,13.4
643,HollyFrontier,USA,20.1,1.7,10.3,10.8
663,Dollar General,USA,16,1,10.4,15.8
666,Spectra Energy,USA,5.1,0.9,30.6,19.3
675,Nucor,USA,19.4,0.5,14.2,14.8
680,Stanley Black & Decker,USA,10.2,0.9,15.8,13
687,Liberty Global,USA,10.3,0.3,38.3,17.8
698,"Becton, Dickinson",USA,7.8,1.5,11.6,17.9
699,Celgene,USA,5.5,1.5,11.7,47.1
702,DTE Energy,USA,8.8,0.6,26.3,11.4
704,ConAgra Foods,USA,13.8,0.7,12.5,14.4
705,Gap,USA,15.7,1.1,7.5,17.5
707,VF,USA,10.9,1.1,9.6,18.2
708,CME Group,USA,2.9,0.9,38.9,21.1
718,Symantec,USA,6.8,1.1,14,16.9
719,Motorola Solutions,USA,8.7,0.9,12.7,17.1
720,Northern Trust,USA,4.2,0.7,97.5,13
721,KeyCorp,USA,4.7,0.9,89.2,9.3
736,United Continental Holdings,USA,37.2,-0.7,37.6,10.3
746,Tyson Foods,USA,33.4,0.6,11.9,8.7
748,Biogen Idec,USA,5.5,1.4,10.1,41.8
751,NRG Energy,USA,8.4,0.6,35.1,8.4
752,Reynolds American,USA,4.4,1.3,16.6,23.8
763,Northeast Utilities,USA,6.3,0.5,28.3,13.4
766,Tesoro,USA,33,0.7,10.7,7.8
768,Devon Energy,USA,9.5,-0.2,43.3,23.6
771,Southwest Airlines,USA,17.1,0.4,18.6,9
772,Edison International,USA,11.9,-0.1,44.4,16.6
776,Safeway,USA,44.2,0.6,14.7,6
777,Est¨¦e Lauder Cos,USA,10,0.9,7.2,24.5
780,Republic Services,USA,8.1,0.6,19.6,11.5
782,Chesapeake Energy,USA,12.3,-0.8,41.6,15
787,Broadcom,USA,8,0.7,11.2,19.7
791,Noble Energy,USA,4.2,1,17.6,20.8
792,Cameron International,USA,8.5,0.8,11.2,16.5
794,Alcoa,USA,23.7,0.2,40.2,9.2
803,L-3 Communications,USA,13.1,0.8,13.8,7.3
804,Agilent Technologies,USA,6.9,1.1,10.7,14.9
805,Allergan,USA,5.8,1.1,9.2,32.7
806,AES,USA,18.1,-0.9,41.8,9.3
809,TRW Automotive Holdings,USA,16.4,1,10.9,7.1
810,DaVita,USA,8.2,0.5,16,12.5
811,HCP,USA,1.9,0.8,19.9,22.1
820,Cognizant Technology,USA,7.3,1.1,6.5,23.6
823,CF Industries Holdings,USA,6.1,1.8,10.2,12.8
825,Bed Bath & Beyond,USA,10.2,1,6.4,13.8
828,Whirlpool,USA,18.1,0.4,15.4,9.1
833,Dover,USA,8.1,0.8,10.4,12.9
838,Priceline.com,USA,5.3,1.4,6.6,35.6
844,Textron,USA,12.2,0.6,13,8.4
847,Equity Residential,USA,2.1,0.8,17.2,20.2
861,Reinsurance Group of America,USA,9.8,0.6,40.4,4.5
864,CenterPoint Energy,USA,7.5,0.4,22.9,10
869,Discovery Communications,USA,4.5,0.9,12.9,19
872,AutoZone,USA,8.7,1,6.7,14.1
874,Fluor,USA,27.6,0.5,8.3,10.5
879,VMware,USA,4.6,0.7,10.6,35.9
888,L Brands,USA,10.5,0.8,6.4,13
889,Genworth Financial,USA,10,0.3,113.3,5.2
890,Sherwin-Williams,USA,9.5,0.6,6.2,17.4
896,Oneok,USA,12.6,0.4,15.9,9.2
899,IntercontinentalExchange,USA,1.4,0.6,37.2,11.7
901,Genuine Parts,USA,13,0.6,6.8,11.7
901,Leucadia National,USA,9.2,0.9,9.3,9.9
906,Nordstrom,USA,12.1,0.7,8.1,10.6
908,Vornado Realty,USA,2.8,0.6,22,15.6
909,Ross Stores,USA,9.7,0.8,3.7,12.5
911,WW Grainger,USA,9,0.7,5,15.6
913,Computer Sciences,USA,15.5,0.5,11.3,7.5
916,Mylan,USA,6.8,0.6,11.9,12.1
917,Whole Foods Market,USA,12.2,0.5,5.1,16.1
919,American Tower,USA,2.9,0.6,14.1,29.9
926,Campbell Soup,USA,8.1,0.7,8.6,13.1
929,Marriott International,USA,11.8,0.6,6.3,12.6
944,Best Buy,USA,49.6,-0.2,16.8,7.2
955,Weyerhaeuser,USA,7.1,0.4,12.6,16.6
968,Coca-Cola Enterprises,USA,8.1,0.7,9.5,10.1
970,Ralph Lauren,USA,6.9,0.7,5.5,15.5
971,Hershey,USA,6.6,0.7,4.8,18.2
977,Lear,USA,14.6,1.3,8.2,5.4
982,Eastman Chemical,USA,8.1,0.4,11.6,11.2
984,Huntington Bancshares,USA,3,0.6,56.2,6.3
987,Comerica,USA,2.7,0.5,65.4,6.9
990,Mattel,USA,6.4,0.8,6.5,14.5
993,CA,USA,4.7,0.9,11.6,11.6
994,TD Ameritrade Holding,USA,2.6,0.6,21,11.5
995,Adobe Systems,USA,4.4,0.7,10.2,20.6
997,Avnet,USA,25.2,0.5,10.6,5
998,CH Robinson Worldwide,USA,11.4,0.6,2.8,9.6
1003,NetApp,USA,6.3,0.5,10.9,12.4
1009,Public Storage,USA,1.8,0.9,8.8,26.7
1018,Fidelity National Information,USA,5.8,0.5,13.6,11.3
1019,Sears Holdings,USA,39.9,-1.1,19.3,5.5
1025,Alleghany,USA,4.8,0.7,22.8,6.4
1029,St Jude Medical,USA,5.5,0.8,9.3,11.9
1032,Ventas,USA,2.5,0.4,19,20.6
1037,CarMax,USA,10.6,0.4,9.3,9.5
1039,Coach,USA,4.9,1.1,3.3,14.2
1040,Staples,USA,24.4,-0.2,12.3,9
1042,Assurant,USA,8.5,0.5,28.9,3.5
1047,Lorillard,USA,4.6,1.1,3.4,14.9
1051,NiSource,USA,5.1,0.4,21.8,8.8
1052,Rockwell Automation,USA,6.3,0.7,5.7,12.4
1066,Starwood Hotels,USA,6.3,0.6,8.9,12.3
1068,Hertz Global Holdings,USA,9,0.2,23.3,8.5
1070,Western Union,USA,5.7,1,9.5,8.3
1071,Facebook,USA,5.1,0.1,15.1,63.5
1074,Harley-Davidson,USA,5.6,0.6,9.2,12.5
1083,Arrow Electronics,USA,20.4,0.5,10.8,4.4
1084,New York Community,USA,2.1,0.5,44.1,6.3
1086,Dollar Tree,USA,7.4,0.6,2.8,10.1
1090,Quest Diagnostics,USA,7.4,0.6,9.3,8.9
1091,Liberty Media,USA,2,1.4,8.3,13.4
1095,WR Berkley,USA,5.8,0.5,20.2,5.9
1099,Intuit,USA,4.2,0.8,5.1,19.4
1100,Coventry Health Care,USA,14.1,0.5,8.8,6.3
1102,Hormel Foods,USA,8.3,0.5,4.6,10.4
1107,T Rowe Price,USA,3,0.9,4.2,19.5
1109,Continental Resources,USA,2.6,0.7,9.1,17.2
1113,CMS Energy,USA,6.3,0.4,17.1,7.3
1115,Zimmer Holdings,USA,4.5,0.8,9,12.5
1119,O'Reilly Automotive,USA,6.2,0.6,5.7,11.5
1122,Wisconsin Energy,USA,4.2,0.5,14.3,9.5
1137,JM Smucker,USA,5.9,0.5,9.2,10.4
1138,Dr Pepper Snapple Group,USA,6,0.6,8.9,9
1141,AMR,USA,24.9,-1.9,23.5,1.3
1143,Applied Materials,USA,8.1,0,11.7,16
1144,Health Care REIT,USA,1.8,0.3,19.5,17.1
1147,MGM Resorts,USA,9.2,-1.8,26.3,6.4
1160,General Growth Properties,USA,2.5,-0.5,27.3,18.7
1161,SanDisk,USA,5.1,0.4,10.3,13.3
1164,Prologis,USA,2,0,27.3,18.7
1169,Boston Scientific,USA,7.2,-4.1,17.2,10
1170,American Financial Group,USA,5.1,0.5,39.2,4.2
1178,US Airways Group,USA,13.8,0.6,9.4,2.6
1178,Celanese,USA,6.4,0.6,9.2,7.5
1178,Regeneron Pharmaceuticals,USA,1.4,0.8,1.7,16.7
1189,Intuitive Surgical,USA,2.2,0.7,4.1,18.4
1192,Avalonbay Communities,USA,1,0.4,11.2,16.6
1195,Ameren,USA,6.8,-1,21.8,8.3
1196,Clorox,USA,5.6,0.6,4.5,11
1205,FMC Technologies,USA,6.2,0.4,5.9,12.5
1213,MBIA,USA,2.4,1.2,21.7,2.3
1214,Ingram Micro,USA,37.8,0.3,11.5,3
1215,BorgWarner,USA,7.2,0.5,6.4,9.2
1221,Interpublic Group,USA,7,0.4,13.5,5.5
1223,Molson Coors Brewing,USA,3.9,0.4,16.2,8.8
1229,Charter Communications,USA,7.5,-0.3,15.6,9.1
1231,Micron Technology,USA,8,-1.1,13.9,9.6
1237,Fiserv,USA,4.5,0.6,8.5,11.4
1238,Fidelity National Financial,USA,7.2,0.6,9.9,5.5
1241,Synovus Financial,USA,1.3,0.8,26.8,2.2
1247,Wynn Resorts,USA,5.2,0.5,7.3,12.1
1252,Lennar,USA,4.4,0.7,10.4,7.7
1263,Jacobs Engineering,USA,11,0.4,6.9,7
1264,Boston Properties,USA,1.9,0.3,15.5,16
1265,CIT Group,USA,4,-0.6,44,9
1267,DR Horton,USA,4.7,1,7.3,7.8
1268,Family Dollar Stores,USA,9.6,0.4,3.7,6.9
1269,Analog Devices,USA,2.7,0.6,5.7,13.9
1271,Consol Energy,USA,5.4,0.4,12.7,7.7
1273,Cincinnati Financial,USA,4.1,0.4,16.5,7.7
1275,Goodyear,USA,21,0.2,17,3.4
1282,LabCorp,USA,5.7,0.6,6.8,8.5
1291,Actavis,USA,5.9,0.1,14.1,11.7
1299,Community Health Sys,USA,14.5,0.3,16.6,4.1
1301,Zoetis,USA,4.3,0.4,6.3,16.7
1303,Crown Holdings,USA,8.5,0.6,7.5,5.8
1305,PVH,USA,6,0.4,7.8,9.6
1311,Crown Castle International,USA,2.4,0.2,16.1,20.5
1314,AGCO,USA,10,0.5,7.7,5.3
1322,Moody's,USA,2.7,0.7,4,11.5
1325,Joy Global,USA,5.7,0.8,6.2,6.6
1332,Torchmark,USA,3.6,0.5,18.8,5.6
1335,Amphenol,USA,4.3,0.6,5.2,11.6
1336,First Republic Bank,USA,1.5,0.4,34.4,5
1339,Ball,USA,8.7,0.4,7.5,6.9
1340,Zions Bancorp,USA,2.5,0.3,55.5,4.7
1343,US Steel,USA,19.3,-0.1,15.2,2.9
1355,Host Hotels & Resorts,USA,5.3,0.1,13,12.9
1357,Calpine,USA,5.5,0.2,16.5,9.2
1358,Henry Schein,USA,8.9,0.3,5.3,7.9
1359,Darden Restaurants,USA,8.3,0.4,7,6.4
1361,Paychex,USA,2.3,0.6,7.5,12.4
1364,Supervalu,USA,34.8,-0.5,11.9,0.9
1365,Universal Health,USA,13.9,0.3,8.2,6.1
1367,Rockwell Collins,USA,4.7,0.6,5.3,8.7
1370,Raymond James Financial,USA,4.2,0.3,22.3,6.7
1390,AutoNation,USA,15.7,0.3,6.6,5.4
1392,Jabil Circuit,USA,17.6,0.4,8.2,3.9
1393,Caesars Entertainment,USA,8.6,-1.5,28,2.1
1395,Scana,USA,4.2,0.4,14.6,6.6
1397,Catamaran,USA,9.9,0.1,7.4,10.7
1398,Altera,USA,1.8,0.6,4.7,11.2
1403,SAIC,USA,11.2,0.5,5.9,4.3
1406,Peabody Energy,USA,8.1,-0.6,15.8,5.9
1408,Fastenal,USA,3.1,0.4,1.8,15.1
1415,ADT,USA,3.2,0.4,9.5,11.5
1417,Roper Industries,USA,3,0.5,7.1,12.3
1420,Rock-Tenn,USA,9.2,0.3,10.5,6.5
1420,KLA-Tencor,USA,3.1,0.7,5.1,8.7
1423,Cerner,USA,2.7,0.4,3.7,16
1434,Alliance Data Systems,USA,3.6,0.4,12,7.9
1436,Denbury Resources,USA,2.5,0.5,11.1,7
1438,Pioneer Natural Resources,USA,3.2,0.2,13.1,17.3
1440,NYSE Euronext,USA,3.7,0.3,12.6,9.2
1454,Life Technologies,USA,3.8,0.4,8.6,10.8
1455,Avon Products,USA,10.7,0,7.4,8.7
1455,Wyndham Worldwide,USA,4.5,0.4,9.5,8.6
1466,Ashland,USA,8.1,0.1,12.4,6.4
1470,American Water Works,USA,2.9,0.4,14.7,7.1
1472,Petsmart,USA,6.8,0.4,2.5,6.7
1472,Brown-Forman,USA,2.4,0.4,3.5,14.7
1484,Protective Life,USA,3.6,0.3,57.4,2.7
1486,Huntsman,USA,11.2,0.3,8.9,4.6
1489,Concho Resources,USA,1.8,0.4,8.6,10.1
1492,Newell Rubbermaid,USA,5.9,0.4,6.2,7.3
1493,Reliance Steel,USA,8.4,0.4,5.9,5.3
1499,Perrigo,USA,3.3,0.4,4.3,10.9
1500,Nvidia,USA,4.3,0.6,6.4,7.8
1500,Xilinx,USA,2.2,0.5,4.6,10.1
1510,Ametek,USA,3.3,0.5,5.2,10.4
1510,CBRE Group,USA,6.5,0.3,7.8,8.2
1515,Flowserve,USA,4.8,0.4,4.8,8.1
1537,Citrix Systems,USA,2.6,0.4,4.8,8.1
1541,Avis Budget Group,USA,7.4,0.3,15.2,3
1545,Sigma-Aldrich,USA,2.6,0.5,3.8,9.5
1548,CR Bard,USA,3,0.5,4.2,8.3
1549,Experditors International,USA,6,0.3,3,7.9
1559,Beam,USA,2.5,0.4,8.6,10.1
1561,Kansas City Southern,USA,2.2,0.4,6.4,11.9
1563,Pall,USA,2.7,0.6,3.5,7.6
1565,Pinnacle West,USA,3.3,0.4,13.4,6.3
1566,BOK Financial,USA,1.5,0.4,28.1,4.2
1570,World Fuel Services,USA,38.9,0.2,4.1,2.9
1572,Scripps Network Interactive,USA,2.3,0.4,4.1,9.6
1578,Ingredion,USA,6.5,0.4,5.6,5.3
1584,Teradata,USA,2.7,0.4,3.1,9.6
1588,Plains Exploration,USA,2.6,0.3,17.3,6.1
1594,CVR Energy,USA,8.6,0.4,3.6,4.8
1599,Helmerich & Payne,USA,3.3,0.6,5.9,7
1600,McCormick & Co,USA,4,0.4,4.2,9.4
1605,Hatteras Financial,USA,0.5,0.3,26.4,2.7
1615,Advance Auto Parts,USA,6.2,0.4,4.6,5.9
1616,Western Refining,USA,9.5,0.4,2.5,3.1
1630,Waters,USA,1.8,0.5,3.2,8.1
1633,URS,USA,11,0.3,8.8,3.5
1646,Rite Aid,USA,26.1,-0.2,7.2,1.7
1651,Constellation Brands,USA,2.7,0.4,8.3,8.4
1651,CYS Investments,USA,0.3,0.4,21.1,2.1
1654,Salesforce.com,USA,3,-0.3,5.5,25.8
1656,Tech Data,USA,25.4,0.2,6.8,1.9
1659,Tiffany & Co,USA,3.8,0.4,4.6,8.8
1662,Manpower,USA,20.7,0.2,7,4.5
1665,JB Hunt Transport,USA,5.1,0.3,2.5,8.7
1667,Airgas,USA,4.9,0.3,5.5,7.9
1669,Timken,USA,5,0.5,4.2,5.5
1673,Pepco Holdings,USA,5.1,0.3,15.8,4.8
1677,Maxim Integrated Products,USA,2.4,0.4,3.7,9.6
1679,Alexion Pharmaceuticals,USA,1.1,0.3,2.6,18.2
1685,Macerich,USA,0.9,0.3,9.3,8.6
1685,Varian Medical Systems,USA,2.9,0.4,2.9,8
1692,Verisk Analytics,USA,1.5,0.3,2.4,11
1697,FMC,USA,3.7,0.4,4.4,8.3
1700,Linear Technology,USA,1.3,0.4,1.9,8.8
1702,Windstream,USA,6.2,0.2,14,5.2
1717,JC Penney,USA,13,-1,9.8,3.4
1718,PBF Energy,USA,20.1,0,4.3,3.8
1723,E-Trade Financial,USA,2.2,-0.1,47.4,3.1
1731,Juniper Networks,USA,4.4,0.2,9.8,10.4
1732,Masco,USA,7.7,-0.1,6.9,7.1
1736,LinkedIn,USA,1,0,1.4,19.1
1739,Foot Locker,USA,6.2,0.4,3.4,4.9
1740,CNO Financial Group,USA,4.3,0.2,34.1,2.6
1744,Tronox,USA,1.8,1.1,5.5,2.4
1749,SL Green Realty,USA,1.4,0.2,14.4,7.8
1751,Invesco Mortgage Capital,USA,0.6,0.3,18.9,2.9
1754,OfficeMax,USA,6.9,0.4,3.8,1
1759,OGE Energy,USA,3.7,0.4,9.9,6.7
1761,Green Mountain Coffee,USA,4,0.4,3.5,8.1
1766,People's United Financial,USA,1.3,0.2,30.3,40.6
1767,Popular,USA,2.2,0.2,36.5,2.9
1768,Gannett,USA,5.4,0.4,6.4,5
1768,AOL,USA,2.2,1,2.8,2.6
1771,Quanta Services,USA,5.9,0.3,5.1,6.3
1771,CC Media Holdings,USA,6.2,-0.4,16.3,0.2
1796,Church & Dwight,USA,2.9,0.3,4.1,8.5
1797,Harbinger Group,USA,4.5,0.1,26.9,1.2
1806,First Niagara Financial,USA,1.5,0.2,36.8,3
1808,Level 3 Communications,USA,6.4,-0.4,13.3,4.6
1815,Mohawk Industries,USA,5.8,0.3,6.3,7.9
1823,American Equity Investment,USA,1.6,0.1,35.1,0.9
1831,Kimco Realty,USA,0.9,0.3,9.7,9
1838,Navistar International,USA,12.5,-3,8.5,2.9
1847,Alpha Natural Resources,USA,7,-2.4,13.1,1.9
1847,Toll Brothers,USA,2,0.5,6.1,5.8
1852,East West Bancorp,USA,1.1,0.3,22.5,3.5
1857,Interactive Brokers Group,USA,1.2,0,33.2,0.7
1858,Energizer Holdings,USA,4.6,0.4,6.7,5.8
1869,Cabot Oil & Gas,USA,1.2,0.1,4.6,14.1
1870,Monster Beverage,USA,2.1,0.3,1,8
1885,Tenet Healthcare,USA,9.1,0.1,9,4.6
1887,Sealed Air,USA,7.6,-1.1,10,4.7
1890,Southwestern Energy,USA,2.7,-0.7,6.7,13.5
1890,H&R Block,USA,2.7,0.4,3.9,7.5
1892,Edwards Lifescience,USA,1.9,0.3,2.2,9.4
1896,Hillshire Brands,USA,4.1,0.7,2.5,4.2
1897,Smithfield Foods,USA,13.1,0.2,7.6,3.7
1899,Penske Automotive,USA,13.2,0.2,5.4,3
1903,Range Resources,USA,1.5,0,6.7,13.4
1908,Chipotle Mexican Grill,USA,2.7,0.3,1.7,10
1911,Symetra Financial,USA,2.1,0.2,29.5,1.7
1911,CareFusion,USA,3.6,0.3,8.4,7.6
1914,TransDigm Group,USA,1.8,0.3,5.6,7.9
1917,Commerce Bancshares,USA,1.1,0.3,22.2,3.6
1923,Frontier Communications,USA,5,0.1,17.7,4.1
1924,City National,USA,1.2,0.2,28.6,3.2
1927,Dick's Sporting Goods,USA,5.8,0.3,2.9,5.8
1932,Alliant Energy,USA,3.1,0.3,10.8,5.4
1940,Westlake Chemical,USA,3.6,0.4,3.4,6.5
1948,Whiting Petroleum,USA,2.2,0.4,7.3,6.1
1948,Expedia,USA,4,0.3,7.1,9
1953,MeadWestvaco,USA,5.5,0.2,8.9,6.6
1957,Ambac Financial Group,USA,0.7,-0.3,27,0
1962,Erie Indemnity,USA,5.4,0.2,15.4,4
1965,Nelnet,USA,1,0.2,26.6,1.6
1969,EQT,USA,1.6,0.2,8.8,10
1969,Dillard's,USA,6.8,0.3,4,3.8
1981,Cliffs Natural Resources,USA,5.9,-0.9,13.6,3.5
1983,First Horizon Natural,USA,1.5,0,25.5,2.7
1984,Cimarex Energy,USA,1.6,0.4,6.3,6.8
1990,Alexander's,USA,0.2,0.7,1.5,1.7
1991,Two Harbors Investment,USA,0.5,0.3,16.8,4.1
1993,Health Net,USA,11.3,0.1,3.9,2.3
1995,Tractor Supply,USA,4.7,0.3,1.7,7.1
1999,Old Republic International,USA,5,-0.1,16.2,3.3
1140,Mercantil Servicios,Venezuela,3.9,1,33.2,3.4
1764,Vietin Bank,Vietnam,2.6,0.3,24.2,2.4
